index,s,x_center,y_center,x_inner,y_inner,x_outer,y_outer,width_inner,width_outer
0,0,-0.83666525867633401,1.0888225462017149,-0.70585050000000005,1.2196373,-0.96748000999999995,0.95800779000000003,0.18500000242933362,0.18499999892969368
1,0.042081476734029115,-0.80690916111535804,1.0590664486407391,-0.67609441000000003,1.1898812000000001,-0.93772392000000004,0.92825168999999996,0.18499999535826575,0.18500000600076166
2,0.084162953468056967,-0.77715306355438296,1.0293103510797641,-0.64633830999999997,1.1601250999999999,-0.90796781999999998,0.89849559999999995,0.18499999535826558,0.18499999892969393
3,0.12624443020208623,-0.74739696599340699,0.99955425351878802,-0.61658221000000002,1.130369,-0.87821172000000003,0.8687395,0.18499999535826578,0.18499999892969382
4,0.16832590693611543,-0.71764086843243102,0.96979815595781205,-0.58682610999999996,1.1006129,-0.84845561999999997,0.83898340000000005,0.184999995358266,0.18499999892969374
5,0.21040738367014328,-0.68788477087145605,0.94004205839683697,-0.55707002000000005,1.0708568000000001,-0.81869952999999995,0.80922729999999998,0.18499998828719807,0.18500000600076152
6,0.25248886040417257,-0.65812867331047997,0.910285960835861,-0.52731391999999999,1.0411007000000001,-0.78894343,0.77947120999999997,0.18499998828719824,0.18499999892969385
7,0.29457033713820102,-0.628372575749505,0.88052986327488503,-0.49755781999999998,1.0113445999999999,-0.75918733000000005,0.74971511000000002,0.18499998828719905,0.1849999989296931
8,0.33665181387222959,-0.59861647818852903,0.85077376571390995,-0.46780171999999998,0.98158851999999996,-0.72943122999999999,0.71995900999999995,0.18500000242933362,0.18499999892969374
9,0.37873329060625888,-0.56886038062755295,0.82101766815293398,-0.43804563000000002,0.95183242000000001,-0.69967513999999997,0.69020291,0.1849999953582657,0.18500000600076158
10,0.42081476734028667,-0.53910428306657798,0.79126157059195901,-0.40828953000000001,0.92207633,-0.66991904000000002,0.66044681999999999,0.18500000242933357,0.18499999892969385
11,0.46289624407431584,-0.50934818550560201,0.76150547303098304,-0.37853343,0.89232023000000005,-0.64016293999999996,0.63069072000000004,0.18500000242933354,0.18499999892969374
12,0.50497772080834369,-0.47959208794462699,0.73174937547000796,-0.34877733,0.86256412999999998,-0.61040684000000001,0.60093461999999997,0.18500000242933357,0.18499999892969379
13,0.54705919754237287,-0.44983599038365102,0.70199327790903199,-0.31902123999999998,0.83280803000000003,-0.58065074000000005,0.57117852000000002,0.18499999535826578,0.18499999892969385
14,0.58914067427640204,-0.42007989282267499,0.67223718034805602,-0.28926513999999998,0.80305192999999997,-0.55089465000000004,0.54142243000000001,0.1849999953582657,0.18499999892969385
15,0.63122215101042978,-0.39032379526170002,0.64248108278708105,-0.25950904000000002,0.77329583999999996,-0.52113854999999998,0.51166632999999995,0.18500000242933345,0.18499999892969382
16,0.67330362774445907,-0.360567697700724,0.61272498522610497,-0.22975293999999999,0.74353974,-0.49138245000000003,0.48191022999999999,0.18500000242933357,0.18499999892969379
17,0.71538510447848824,-0.33081160013974797,0.582968887665129,-0.19999685,0.71378364000000005,-0.46162635000000002,0.45215412999999999,0.18499999535826575,0.1849999989296939
18,0.75746658121251598,-0.301055502578773,0.55321279010415403,-0.17024075,0.68402753999999999,-0.43187026000000001,0.42239803999999997,0.1849999953582657,0.1849999989296939
19,0.79954805794654527,-0.27129940501779698,0.52345669254317795,-0.14048464999999999,0.65427144999999998,-0.40211416,0.39264194000000002,0.18500000242933354,0.18499999892969374
20,0.841629534680573,-0.24154330745682201,0.49370059498220298,-0.11072855,0.62451535000000002,-0.37235805999999999,0.36288584000000002,0.18500000242933359,0.18499999892969374
21,0.88371101141460218,-0.21178720989584601,0.46394449742122701,-0.080972454999999999,0.59475924999999996,-0.34260195999999998,0.33312974000000001,0.18499999889379959,0.18499999892969382
22,0.92579248814863069,-0.18203111233487099,0.43418839986025098,-0.051216357999999997,0.56500315000000001,-0.31284587000000003,0.30337364999999999,0.18499999677248002,0.18499999892969315
23,0.9678739648826592,-0.15227501477389499,0.40443230229927601,-0.021460259999999998,0.53524706,-0.28308977000000002,0.27361754999999999,0.18500000242933351,0.18499999892969382
24,1.0099554416166885,-0.12251891721291901,0.37467620473829999,0.0082958372999999992,0.50549096000000004,-0.25333367000000001,0.24386145000000001,0.18500000052014529,0.18499999892969377
25,1.0520369183507163,-0.092762819651943995,0.34492010717732502,0.038051935000000002,0.47573485999999998,-0.22357757,0.21410535,0.18499999889379959,0.18499999892969385
26,1.0941183950847455,-0.063006722090967998,0.31516400961634899,0.067808032000000004,0.44597875999999997,-0.19382147999999999,0.18434925999999999,0.18499999677247925,0.18499999892969385
27,1.136199871818774,-0.033250624529993,0.28540791205537303,0.097564129999999999,0.41622267000000002,-0.16406538000000001,0.15459316000000001,0.18500000242933426,0.1849999989296931
28,1.1782813485528025,-0.0034945269690169999,0.255651814494398,0.12732023000000001,0.38646657000000001,-0.13430928,0.12483706,0.18500000242933354,0.18499999892969379
29,1.2203628252868317,0.026261570591959001,0.225895716933422,0.15707632999999999,0.35671047,-0.10455318,0.095080962000000005,0.18500000242933357,0.18499999751548021
30,1.2624443020208596,0.056017668152933998,0.196139619372447,0.18683242,0.32695436999999999,-0.074797085999999999,0.065324864999999996,0.1849999953582657,0.18499999963680056
31,1.3045257787548887,0.085773765713910002,0.16638352181147101,0.21658852000000001,0.29719827999999998,-0.045040988999999997,0.035568767000000001,0.18500000242933354,0.18500000034390732
32,1.3466072554889179,0.115529863274886,0.13662742425049501,0.24634461999999999,0.26744217999999997,-0.015284891,0.0058126697000000001,0.18500000242933351,0.18499999984893262
33,1.3886887322229458,0.14528596083586101,0.10687132668952,0.27610072000000002,0.23768607999999999,0.014471206,-0.023943427999999999,0.18500000242933357,0.18500000034390734
34,1.4307702089569749,0.17504205839683701,0.077115229128544002,0.30585680999999998,0.20792997999999999,0.044227304000000002,-0.053699524999999998,0.1849999953582657,0.18499999963680056
35,1.4728516856910028,0.20479815595781201,0.047359131567568998,0.33561290999999999,0.17817389,0.073983401000000004,-0.083455623000000007,0.18500000242933354,0.18500000034390732
36,1.514933162425032,0.234554253518788,0.017603034006593,0.36536900999999999,0.14841778999999999,0.1037395,-0.11321172,0.18500000242933351,0.18499999892969379
37,1.5570146391590611,0.26431035107976403,-0.012153063554383,0.39512511,0.11866169,0.13349559999999999,-0.14296782,0.18500000242933354,0.18499999892969382
38,1.599096115893089,0.294066448640739,-0.041909161115358001,0.42488120000000001,0.088905593000000005,0.16325169,-0.17272392,0.18499999747958609,0.18500000600076158
39,1.6411775926271182,0.32382254620171502,-0.071665258676333998,0.45463730000000002,0.059149496000000003,0.19300779000000001,-0.20248000999999999,0.18499999960090638,0.18499999892969379
40,1.6832590693611467,0.35357864376268999,-0.10142135623731,0.48439339999999997,0.029393398000000001,0.22276388999999999,-0.23223611,0.18500000101512065,0.18499999892969307
41,1.7201664131464682,0.38197271711548197,-0.124999494919661,0.48652295000000001,0.027625038000000001,0.27742248000000003,-0.27762403000000002,0.18499999795986929,0.18500000213349493
42,1.7570737569317885,0.414215799025621,-0.14295877369760401,0.48894117999999998,0.026278091999999999,0.33949041000000002,-0.31219564,0.18499999803490524,0.18500000184023094
43,1.7939811007171094,0.44920989000997302,-0.154687610872139,0.49156573999999997,0.025398429,0.40685403999999997,-0.33477364999999998,0.1849999994194792,0.18499999869953732
44,1.8308884445024303,0.48576330827085201,-0.15978659496047501,0.49430724999999998,0.025016005000000001,0.47721936999999998,-0.34458919999999998,0.18499999970924982,0.18500000462316424
45,1.8677957882877507,0.52263127099037598,-0.15808208617504099,0.49707235,0.025143843999999999,0.54819019999999996,-0.34130801999999999,0.18499999981270615,0.18500000453553306
46,1.9047031320730716,0.55855828391637996,-0.14963212951819299,0.49976686999999997,0.02577759,0.6173497,-0.32504185000000002,0.18500000013983312,0.18500000174222433
47,1.9416104758583923,0.59232089571337099,-0.13472447812927399,0.50229906999999996,0.026895664,0.68234271999999996,-0.29634462,0.18499999850447374,0.18499999758434135
48,1.978517819643713,0.62276936113039205,-0.113866794196576,0.50458270000000005,0.028459990000000001,0.74095602000000005,-0.25619357999999998,0.18500000099699682,0.18500000078890491
49,2.0154251634290343,0.648866794196576,-0.087769361130392007,0.50654001000000004,0.030417297999999999,0.79119357999999995,-0.20595601999999999,0.18499999971930317,0.18500000078890488
50,2.0523325072143552,0.66972447812927405,-0.057320895713370998,0.50810434000000004,0.032700933000000001,0.83134461999999998,-0.14734272000000001,0.18499999646979756,0.1849999975843413
51,2.0892398509996761,0.68463212951819297,-0.023558283916379999,0.50922241000000001,0.035233129000000002,0.86004185,-0.082349696999999999,0.18499999982204166,0.18500000078885004
52,2.126147194784997,0.69308208617504097,0.012368729009624,0.50985616,0.037927654999999998,0.87630801999999997,-0.013190197000000001,0.18499999654184612,0.18500000412106396
53,2.1630545385703175,0.69478659496047501,0.049236691729147998,0.50998399000000005,0.040692751999999999,0.87958919999999996,0.057780631999999998,0.18500000461154772,0.18500000471553113
54,2.1999618823556384,0.68968761087213903,0.085790109990026994,0.50960156999999995,0.043434258000000003,0.86977364999999995,0.12814596,0.18500000085081844,0.18499999869953726
55,2.2368692261409593,0.67795877369760404,0.120784200974379,0.50872191,0.046058815000000003,0.84719564000000003,0.19550959000000001,0.1849999982249225,0.18500000184023094
56,2.2737765699262797,0.65999949491966003,0.153027282884518,0.50737496000000004,0.048477046000000003,0.81262403000000005,0.25757752,0.18500000187040902,0.18500000213349579
57,2.3106839137116006,0.63642135623731,0.18142135623731001,0.50560660000000002,0.050606602000000001,0.76723611000000003,0.31223611000000001,0.18500000101512065,0.1849999989296931
58,2.3574984601706741,0.60331847297792596,0.214524239496693,0.47250372000000002,0.083709485,0.73413322999999997,0.34533899000000001,0.18499999889379959,0.18499999892969385
59,2.404313006629748,0.57021558971854203,0.24762712275607701,0.43940084000000001,0.11681237,0.70103033999999997,0.37844188000000001,0.18499999535826575,0.18499999892969379
60,2.4511275530888206,0.53711270645915898,0.28073000601546,0.40629795000000002,0.14991525,0.66792746000000003,0.41154476000000001,0.18500000242933351,0.18499999892969382
61,2.4979420995478945,0.50400982319977505,0.31383288927484398,0.37319507000000002,0.18301813,0.63482457999999997,0.44464764000000001,0.18500000242933359,0.18499999892969379
62,2.544756646006967,0.47090693994039201,0.34693577253422703,0.34009219000000002,0.21612102,0.60172168999999998,0.47775053000000001,0.18499999535826575,0.18499999892969382
63,2.591571192466041,0.43780405668100802,0.38003865579361101,0.30698930000000002,0.2492239,0.56861881000000003,0.51085340999999995,0.18500000242933354,0.18499999892969374
64,2.6383857389251153,0.40470117342162398,0.413141539052995,0.27388642000000002,0.28232678,0.53551592999999997,0.54395629000000001,0.18500000242933354,0.18499999892969382
65,2.6852002853841879,0.371598290162241,0.44624442231237799,0.24078353999999999,0.31542967,0.50241303999999998,0.57705918,0.1849999953582657,0.18499999892969385
66,2.7320148318432618,0.33849540690285701,0.47934730557176197,0.20768064999999999,0.34853255,0.46931015999999998,0.61016205999999995,0.18500000242933351,0.18499999892969374
67,2.7788293783023343,0.30539252364347402,0.51245018883114501,0.17457776999999999,0.38163543,0.43620727999999998,0.64326494000000001,0.18500000242933362,0.18499999892969379
68,2.8256439247614082,0.27228964038408998,0.54555307209052895,0.14147488999999999,0.41473831999999999,0.40310438999999998,0.67636783,0.18499999535826567,0.1849999989296939
69,2.8724584712204808,0.23918675712470699,0.57865595534991199,0.108372,0.44784119999999999,0.37000150999999998,0.70947070999999995,0.18500000242933354,0.18499999892969374
70,2.9192730176795552,0.20608387386532301,0.61175883860929603,0.075269118999999995,0.48094408,0.33689862999999998,0.74257359000000001,0.18500000313644036,0.18499999892969377
71,2.9553196538433921,0.18253919004326899,0.63905367039935401,0.033945797,0.52884929999999997,0.33113258000000001,0.74925803999999996,0.18499999921953902,0.18499999626461863
72,2.9913662900072295,0.16325432549068,0.66950779947763095,9.8891586000000002e-05,0.58229940000000002,0.32640975999999999,0.75671619999999995,0.18500000149209314,0.18500000251782411
73,3.0274129261710661,0.14864673928618699,0.70246198591890596,-0.025538913,0.64013735999999999,0.32283239000000002,0.76478661000000003,0.18500000123863786,0.18499999913903828
74,3.0634595623349035,0.13903264155723599,0.73720287110604898,-0.042412634999999997,0.70111115999999996,0.32047792000000003,0.77329457999999995,0.1849999999878226,0.1850000014055618
75,3.0995061984987404,0.13462014848576001,0.77297841978978299,-0.050157011000000001,0.76390089999999999,0.31939730999999999,0.78205594,0.18500000008962134,0.18500000213628762
76,3.1355528346625769,0.135504777221339,0.80901419938074204,-0.048604397000000001,0.82714737000000005,0.31961394999999998,0.79088102999999998,0.18499999975451478,0.18499999819738788
77,3.1715994708264148,0.141667378223364,0.8445301440763,-0.037788403999999998,0.88948148000000005,0.32112316000000002,0.79957880999999997,0.18500000101276964,0.18500000013054793
78,3.2076461069902513,0.152974549790762,0.87875744092944696,-0.017943164000000001,0.94955387999999996,0.32389225999999999,0.80796100999999998,0.18500000181765233,0.18499999539328918
79,3.2436927431540883,0.16918152580596099,0.91095517232733902,0.010501732999999999,1.0060642,0.32786132000000001,0.81584615999999999,0.18500001024265297,0.18500000354417431
80,3.2797393793179253,0.18993747418215701,0.94042635462009305,0.04693054,1.0577890999999999,0.33294441000000002,0.82306360000000001,0.18499999250618537,0.18499999963249958
81,3.3157860154817622,0.21479309131850799,0.96653302571196498,0.090554684999999996,1.1036090000000001,0.33903149999999999,0.82945707000000002,0.18500001170696379,0.18499999952988649
82,3.3518326516455996,0.24321032816622501,0.98871005501412401,0.14042984,1.1425319,0.34599081999999998,0.83488817999999998,0.18499996957444723,0.18499999657960395
83,3.3878792878094361,0.27457403736560798,1.006477376815244,0.19547634999999999,1.1737154000000001,0.35367173000000002,0.83923935999999999,0.18500000147387158,0.18499999796859617
84,3.4239259239732731,0.30820528932868402,1.019450382254391,0.25450262000000001,1.1964843000000001,0.36190794999999998,0.84241642000000005,0.18499995871725231,0.18499999879639897
85,3.4599725601371105,0.34337606901446399,1.0273482449413709,0.31623093000000002,1.2103459000000001,0.37052120999999999,0.84435059000000001,0.18500000088938273,0.18500000106260991
86,3.496019196300947,0.37932503525602701,1.03,0.37932504,1.2150000000000001,0.37932504,0.84499999999999997,0.18500000000000011,0.18500000000000011
87,3.5381541892497421,0.42146002820482198,1.03,0.42146002999999999,1.2150000000000001,0.42146002999999999,0.84499999999999997,0.18500000000000005,0.18500000000000005
88,3.5802891821985363,0.463595021153616,1.03,0.46359502000000002,1.2150000000000001,0.46359502000000002,0.84499999999999997,0.18500000000000005,0.18500000000000005
89,3.6224241751473314,0.50573001410241103,1.03,0.50573000999999995,1.2150000000000001,0.50573000999999995,0.84499999999999997,0.18500000000000008,0.18500000000000008
90,3.6645591680961251,0.547865007051205,1.03,0.54786500999999999,1.2150000000000001,0.54786500999999999,0.84499999999999997,0.18500000000000008,0.18500000000000008
91,3.7066941610449202,0.58999999999999997,1.03,0.58999999999999997,1.2150000000000001,0.58999999999999997,0.84499999999999997,0.18500000000000005,0.18500000000000005
92,3.7434447491663301,0.62673245392464805,1.0288456361305389,0.63834869999999999,1.2134806,0.61511621000000005,0.84421069000000004,0.18500001907016206,0.18500000123119975
93,3.7801953372877404,0.66331994163511798,1.025387100268969,0.68650659000000003,1.2089283,0.64013328999999997,0.84184588000000005,0.18499998016514191,0.18500000095100133
94,3.8169459254091507,0.699618069032649,1.0196380416762829,0.73428360999999998,1.2013612,0.66495252999999999,0.83791490000000002,0.18500001622082587,0.18499999950573648
95,3.8536965135305605,0.73548358399143998,1.0116211492602489,0.78149120999999999,1.190809,0.68947594999999995,0.83243325999999995,0.18499996622614512,0.18500000552171225
96,3.8904471016519704,0.77077494170934402,1.001368062032665,0.82794308999999999,1.1773134999999999,0.71360679999999999,0.82542260999999995,0.18499998464999859,0.18499999599318509
97,3.9271976897733811,0.80535286332053702,0.98891924424462696,0.87345591,1.1609278999999999,0.73724981999999994,0.81691058999999999,0.18500000708593367,0.18500000444477446
98,3.9639482778947905,0.83908088556556704,0.97432382569262099,0.91785004999999997,1.1417168,0.76031172000000002,0.80693082000000005,0.18499997057613166,0.18499999945596091
99,4.0006988660162008,0.87182589934950305,0.95763940782566004,0.96095032999999996,1.1197561,0.78270147000000001,0.79552266999999999,0.18499996221709059,0.18500000159488744
100,4.0374494541376116,0.90345867506271305,0.93893183641867894,1.0025866000000001,1.0951325000000001,0.80433072000000005,0.78273117000000003,0.18499998055572187,0.18499999909339096
101,4.0742000422590223,0.93385437259109705,0.91827494170934398,1.0425945999999999,1.0679430999999999,0.82511409999999996,0.76860680000000003,0.1849999855758285,0.18499999871868744
102,4.1109506303804322,0.96289303400298398,0.89575024702383699,1.0808165000000001,1.0382952000000001,0.84496959999999999,0.75320529999999997,0.1850000201397988,0.1849999951596881
103,4.147701218501842,0.99046005696828299,0.87144664704152597,1.1171013000000001,1.0063058,0.86381883999999998,0.73658745000000003,0.18499998803593348,0.18500000232944011
104,4.1844518066232528,1.0164466470415261,0.84546005696828297,1.1513058,0.97210127000000002,0.88158745000000005,0.71881883999999996,0.18499996749951556,0.18500000232944019
105,4.2212023947446626,1.040750247023837,0.81789303400298397,1.1832952000000001,0.93581647000000001,0.89820529999999998,0.69996959999999997,0.18500000101707809,0.1849999951596881
106,4.2579529828660725,1.0632749417093439,0.78885437259109703,1.2129430999999999,0.89759464,0.91360680000000005,0.68011410000000005,0.18500000908723382,0.1849999987186873
107,4.2947035709874832,1.083931836418679,0.75845867506271303,1.2401325000000001,0.85758663000000002,0.92773117000000005,0.65933072000000004,0.18499999663052391,0.18499999909339096
108,4.331454159108894,1.1026394078256601,0.72682589934950304,1.2647561,0.81595032999999995,0.94052267000000001,0.63770146999999999,0.18499996221709059,0.18500000159488744
109,4.3682047472303038,1.119323825692621,0.69408088556556702,1.2867168,0.77285004999999996,0.95193081999999996,0.61531172000000001,0.18499997057613166,0.18499999945596102
110,4.4049553353517137,1.1339192442446271,0.660352863320537,1.3059278999999999,0.72845590999999998,0.96191059000000001,0.59224982000000004,0.18500000708593356,0.18500000444477455
111,4.4417059234731244,1.1463680620326651,0.625774941709344,1.3223134999999999,0.68294308999999997,0.97042260999999996,0.56860679999999997,0.18499998464999859,0.18499999599318509
112,4.4784565115945343,1.1566211492602489,0.59048358399143996,1.335809,0.63649120999999997,0.97743325999999997,0.54447595000000004,0.18499996622614512,0.1850000055217122
113,4.5152070997159441,1.1646380416762829,0.55461806903264899,1.3463612,0.58928360999999996,0.98291490000000004,0.51995252999999997,0.18500001622082587,0.18499999950573648
114,4.551957687837354,1.170387100268969,0.51831994163511796,1.3539283,0.54150659000000001,0.98684587999999995,0.49513329,0.18499998016514191,0.18500000095100141
115,4.5887082759587647,1.1738456361305389,0.48173245392464797,1.3584806,0.49334869999999997,0.98921068999999995,0.47011620999999998,0.18500001907016209,0.18500000123119986
116,4.6254588640801746,1.175,0.44500000000000001,1.3600000000000001,0.44500000000000001,0.98999999999999999,0.44500000000000001,0.18500000000000005,0.18500000000000005
117,4.6621255307468417,1.175,0.40833333333333299,1.3600000000000001,0.40833332999999999,0.98999999999999999,0.40833332999999999,0.18500000000000008,0.18500000000000008
118,4.6987921974135078,1.175,0.37166666666666698,1.3600000000000001,0.37166666999999998,0.98999999999999999,0.37166666999999998,0.18500000000000008,0.18500000000000008
119,4.7354588640801749,1.175,0.33500000000000002,1.3600000000000001,0.33500000000000002,0.98999999999999999,0.33500000000000002,0.18500000000000005,0.18500000000000005
120,4.772125530746842,1.175,0.29833333333333301,1.3600000000000001,0.29833333000000001,0.98999999999999999,0.29833333000000001,0.18500000000000008,0.18500000000000008
121,4.8087921974135082,1.175,0.26166666666666699,1.3600000000000001,0.26166666999999999,0.98999999999999999,0.26166666999999999,0.18500000000000008,0.18500000000000008
122,4.8454588640801752,1.175,0.22500000000000001,1.3600000000000001,0.22500000000000001,0.98999999999999999,0.22500000000000001,0.18500000000000005,0.18500000000000005
123,4.8821255307468423,1.175,0.18833333333333299,1.3600000000000001,0.18833332999999999,0.98999999999999999,0.18833332999999999,0.18500000000000008,0.18500000000000008
124,4.9187921974135085,1.175,0.151666666666667,1.3600000000000001,0.15166667,0.98999999999999999,0.15166667,0.18500000000000008,0.18500000000000008
125,4.9554588640801756,1.175,0.115,1.3600000000000001,0.115,0.98999999999999999,0.115,0.18500000000000005,0.18500000000000005
126,4.9921255307468426,1.175,0.078333333333333005,1.3600000000000001,0.078333333000000005,0.98999999999999999,0.078333333000000005,0.18500000000000005,0.18500000000000005
127,5.0287921974135088,1.175,0.041666666666666997,1.3600000000000001,0.041666666999999998,0.98999999999999999,0.041666666999999998,0.18500000000000005,0.18500000000000005
128,5.0654588640801759,1.175,0.0050000000000000001,1.3600000000000001,0.0050000000000000001,0.98999999999999999,0.0050000000000000001,0.18500000000000005,0.18500000000000005
129,5.1012791861917144,1.174138862096527,-0.030809969529247,1.3589249999999999,-0.039702378000000003,0.98935269999999997,-0.021917560999999999,0.1849999775397069,0.185000001707608
130,5.1370995083032538,1.171557439147153,-0.066537154301223006,1.3557026000000001,-0.084301414000000005,0.98741230000000002,-0.048772894999999997,0.18500002483288078,0.18500000318931195
131,5.1730586682019064,1.1631712983560609,-0.1015047653613,1.3462497,-0.12809981000000001,0.98009288999999999,-0.074909720999999999,0.18499999337252399,0.18499999997504898
132,5.208820417202106,1.153147349593884,-0.13583293371859101,1.3347358,-0.17119728000000001,0.97155891000000005,-0.10046859,0.18500000624001575,0.18499999513726556
133,5.2443847700491668,1.1415276012722471,-0.169445500451467,1.3212063000000001,-0.21349739000000001,0.96184890999999995,-0.12539360999999999,0.18500001013322884,0.18500000310717712
134,5.279751741735299,1.128357575342106,-0.20226886260782001,1.3057110999999999,-0.25490647,0.95100401999999995,-0.14963125999999999,0.1849999741095967,0.18500000216428175
135,5.314921347505134,1.113686158920028,-0.23423213387619299,1.2883046,-0.29533376,0.93906774000000004,-0.17313050999999999,0.18500002345992597,0.18500000180118414
136,5.3498936028614033,1.097565448640605,-0.26526729691412498,1.269045,-0.33469168999999999,0.92608584999999999,-0.19584289999999999,0.18499995375610628,0.18499999901846745
137,5.3846685235707765,1.0800505881934011,-0.29530934700825401,1.2479948999999999,-0.37289601999999999,0.91210623000000002,-0.21772268,0.18499995593004942,0.18499999553092719
138,5.4192461256698614,1.061199599517151,-0.324296426765459,1.2252205,-0.40986601,0.89717873000000004,-0.23872684,0.18500002532469476,0.18499999950371268
139,5.453626425471386,1.041073208136994,-0.35216995155970499,1.2007914,-0.44552462999999998,0.88135501000000005,-0.25881526999999999,0.1849999913477805,0.18499999833849184
140,5.4878094395705439,1.0197346631422251,-0.37887472548515599,1.1747810000000001,-0.47979867999999998,0.86468836000000004,-0.27795077000000001,0.18500003018358926,0.18500000245632561
141,5.5217951848515332,0.99724955231235901,-0.40435904759254099,1.1472655,-0.51261897000000001,0.84723358999999998,-0.29609912999999999,0.18499998746024307,0.18499999650174834
142,5.5555836784942789,0.97368561290826805,-0.428574808212563,1.1183244000000001,-0.54392041999999996,0.82904679000000003,-0.31322918999999999,0.18499996997293139,0.1850000019814261
143,5.5891749379813538,0.94911253865268197,-0.45147757519730602,1.0880399000000001,-0.57364223000000003,0.81018522999999998,-0.32931292000000001,0.18500003949726518,0.18500000018636281
144,5.6225689811051005,0.92360178343048505,-0.47302666993800901,1.0564963999999999,-0.60172793999999996,0.79070715000000003,-0.3443254,0.18499998926683184,0.18500000129264663
145,5.6557658259749628,0.89722636224394303,-0.49318523304519102,1.0237811000000001,-0.62812559999999995,0.77067163999999999,-0.35824486999999999,0.18500001157406146,0.18499999811083656
146,5.6887654910250411,0.87006064996128096,-0.51192027960485997,0.9899829,-0.65278778000000004,0.75013839999999998,-0.37105278000000003,0.18499999654574006,0.18499999589378691
147,5.7215679950218634,0.84218017839889503,-0.52920274395229905,0.95519273000000005,-0.67567173000000003,0.72916762999999996,-0.38273375999999998,0.18500000187360552,0.18499999825846336
148,5.7541733570723945,0.81366143227792698,-0.54500751393271896,0.91950301000000001,-0.69673938000000002,0.70781985000000003,-0.39327564999999998,0.18499999663501873,0.18499999749079005
149,5.7865815966322867,0.78458164459492097,-0.55931345464567706,0.88300758000000001,-0.71595743000000001,0.68615570999999997,-0.40266948000000002,0.18499999939235279,0.18499999836129505
150,5.818792733514381,0.75501859194394205,-0.57210342169772499,0.84580133999999996,-0.73329738,0.66423584000000002,-0.41090946,0.18499999875071693,0.18500000361708899
151,5.8508067878974694,0.72505039032371599,-0.58336426401492403,0.80798007999999999,-0.74873555999999997,0.64212069999999999,-0.41799297000000002,0.18499999720429283,0.18499999573339962
152,5.8826237803353161,0.69475529195825403,-0.59308681629387605,0.76964021000000005,-0.76225315000000005,0.61987037,-0.42392047999999999,0.18499999840456949,0.18500000235617989
153,5.9142437317659757,0.66421148365285798,-0.60126588119644697,0.73087851000000004,-0.77383617999999998,0.59754445,-0.42869558000000002,0.18500000116518406,0.18500000603000993
154,5.9456666635213837,0.63349688719965402,-0.60790020141948997,0.69179190999999995,-0.78347551000000004,0.57520187,-0.43232489000000002,0.18499999639576803,0.18499999732529412
155,5.9768925973372573,0.60268896233760705,-0.61299242179647395,0.65247721000000003,-0.79116686000000003,0.55290072000000001,-0.43481797999999999,0.18500000009306461,0.18500000212041451
156,6.0079215553633016,0.57186451276161598,-0.61654904161298496,0.61303088999999999,-0.79691071000000002,0.53069814000000004,-0.43618738000000001,0.18500000550886622,0.18499999790850052
157,6.0387535601737481,0.54109949566363902,-0.61858035734240802,0.57354883000000001,-0.80071228999999999,0.50865015999999996,-0.43644842,0.18500000052016907,0.18500000536516303
158,6.069388634778214,0.51046883527600295,-0.61910039603184097,0.53412610999999999,-0.80258154999999998,0.48681155999999998,-0.43561924000000002,0.18500000137528091,0.18500000349260901
159,6.0998268026329239,0.48004624087302,-0.61812683959120596,0.49485677,-0.80253304000000003,0.46523571000000002,-0.43372063999999999,0.18499999600602549,0.18499999533084419
160,6.1300680876522868,0.449904029671998,-0.61568094026062703,0.45583357000000002,-0.80058589000000002,0.44397449,-0.43077599,0.1849999996935715,0.18500000019353177
161,6.1601125142208488,0.42011295505853402,-0.61178742755245097,0.41714780000000001,-0.79676365999999998,0.42307811000000001,-0.42681119000000001,0.18499999652705629,0.18500000162942612
162,6.1899601072056383,0.390742040543818,-0.60647440698455601,0.37888905000000001,-0.79109430000000003,0.40259503000000002,-0.42185451000000002,0.18499999535639408,0.18499999924766602
163,6.2196108919689124,0.36185841984352701,-0.59977325094102696,0.34114498999999998,-0.78361000999999997,0.38257184999999999,-0.41593648999999999,0.18500000042483677,0.18500000233009561
164,6.2490648943813341,0.33352718344882298,-0.59171848201458799,0.30400120000000003,-0.77434711000000001,0.36305315999999999,-0.40908984999999998,0.18499999853636268,0.18500000141302825
165,6.2783221408355763,0.30581123204007199,-0.58234764920250304,0.26754095999999999,-0.76334595000000005,0.34408150999999998,-0.40134934999999999,0.18499999625297922,0.18499999591710528
166,6.307382658260396,0.27877113707315199,-0.57170119734386904,0.23184504,-0.75065075000000003,0.32569724,-0.39275165000000001,0.18500000265499533,0.18499999900128855
167,6.3362464741351676,0.25246500884679501,-0.55982233020128502,0.19699157,-0.73630943000000004,0.30793844999999997,-0.38333523000000003,0.18499999679148835,0.18499999786712568
168,6.3649136165049214,0.226948372337232,-0.54675686760378905,0.16305584000000001,-0.72037353000000004,0.29084091000000001,-0.37314021000000003,0.18500000310828144,0.18500000044999876
169,6.3933841139958885,0.20227405106367799,-0.53255309708069898,0.13011012,-0.70289794999999999,0.27443798000000003,-0.36220825000000001,0.18500000503422037,0.18499999882830609
170,6.4216579958315885,0.178492059224855,-0.51726162042743595,0.098223566999999998,-0.68394085999999998,0.25876054999999998,-0.35058238000000003,0.18499999932037786,0.18499999946158521
171,6.4497352918494686,0.155649502322978,-0.50093519565468902,0.067462009000000003,-0.66356349999999997,0.243837,-0.33830689000000003,0.18499999825086857,0.18500000147743165
172,6.4776160325181218,0.13379048646736599,-0.48362857478125498,0.037887861000000002,-0.64182998999999996,0.22969311000000001,-0.32542715999999999,0.18500000364526384,0.18500000226819677
173,6.5053002489551135,0.11295603652528199,-0.46539833793855301,0.0095599854000000001,-0.61880712999999998,0.21635209,-0.31198955,0.18500000235149783,0.18500000024573696
174,6.5327879729454388,0.093184023262712995,-0.44630272426124201,-0.017466425000000001,-0.59456423999999997,0.20383446999999999,-0.29804120000000001,0.18499999662133321,0.18500000253899468
175,6.5600792369606298,0.074509099592712999,-0.42640146004344598,-0.043139945999999998,-0.56917295999999995,0.19215815,-0.28362996000000001,0.18499999764519068,0.18500000077403256
176,6.5869564987866038,0.054183802343923997,-0.408815400365101,-0.070191861999999994,-0.54576683000000004,0.17855947,-0.27186397000000001,0.18499999989198687,0.18500000265930208
177,6.613833760612577,0.034727309316720002,-0.39027269068328002,-0.096087444999999994,-0.52108745000000001,0.16554205999999999,-0.25945794,0.18500000324874372,0.18499999457474969
178,6.646488735349652,0.011433080086344,-0.367387624381394,-0.11938167,-0.49820238,0.14224782999999999,-0.23657286999999999,0.1849999976424547,0.18499999664550484
179,6.6788531064895871,-0.011451986215542,-0.34450255807950803,-0.14226674,-0.47531730999999999,0.11936277000000001,-0.21368780000000001,0.18499999764245464,0.18500000371657263
180,6.7112174776295221,-0.034337052517428003,-0.321617491777622,-0.16515181000000001,-0.45243224999999998,0.096477701999999999,-0.19080274,0.18500000471352246,0.1849999980597184
181,6.7435818487694572,-0.057222118819314001,-0.29873242547573597,-0.18803686999999999,-0.42954717999999997,0.073592636000000003,-0.16791766999999999,0.18499999764245467,0.1850000008881455
182,6.7759462199093923,-0.080107185121200006,-0.27584735917385,-0.21092194,-0.40666211000000002,0.050707569000000001,-0.14503260000000001,0.18499999764245473,0.18500000300946587
183,6.8083105910493273,-0.102992251423086,-0.25296229287196398,-0.23380701000000001,-0.38377705000000001,0.027822502999999998,-0.12214754,0.18500000471352251,0.18499999876682516
184,6.8406749621892615,-0.12587731772497099,-0.23007722657007801,-0.25669206999999999,-0.36089198,0.0049374368000000002,-0.099262472000000004,0.18499999764245537,0.18500000003961667
185,6.8730393333291966,-0.14876238402685801,-0.20719216026819201,-0.27957714,-0.33800690999999999,-0.017947629999999999,-0.076377405999999995,0.18499999764245467,0.18499999947393195
186,6.9054037044691299,-0.17164745032874301,-0.18430709396630701,-0.30246220000000001,-0.31512184999999998,-0.040832696000000002,-0.053492339,0.1849999976424547,0.18500000018103874
187,6.9377680756090649,-0.19453251663062901,-0.16142202766442099,-0.32534727000000002,-0.29223677999999997,-0.063717761999999997,-0.030607273000000001,0.18499999764245467,0.18500000018103874
188,6.970132446749,-0.21741758293251501,-0.13853696136253499,-0.34823233999999997,-0.26935172000000002,-0.086602828000000007,-0.0077222068,0.18500000471352246,0.18500000032246006
189,7.0024968178889351,-0.24030264923440101,-0.115651895060649,-0.37111739999999999,-0.24646665000000001,-0.10948789,0.015162859000000001,0.18499999764245467,0.1850000030094659
190,7.0348611890288701,-0.263187715536287,-0.092766828758763006,-0.39400246999999999,-0.22358158,-0.13237296000000001,0.038047926000000003,0.18499999764245464,0.1850000008881455
191,7.0672255601688052,-0.28607278183817297,-0.069881762456876995,-0.41688754,-0.20069651999999999,-0.15525802999999999,0.060932991999999998,0.18500000471352251,0.18499999805971837
192,7.0995899313087403,-0.308957848140059,-0.046996696154990997,-0.43977260000000001,-0.17781145000000001,-0.17814309,0.083818058000000001,0.18499999764245467,0.18500000230235908
193,7.1319543024486753,-0.33184291444194502,-0.024111629853104999,-0.46265767000000002,-0.15492638,-0.20102816000000001,0.10670312,0.18499999764245473,0.18499999664550484
194,7.1643186735886104,-0.354727980743831,-0.0012265635512190001,-0.48554273999999997,-0.13204131999999999,-0.22391322999999999,0.12958818999999999,0.18500000471352246,0.18499999664550484
195,7.1966830447285455,-0.37761304704571702,0.021658502750667,-0.50842779999999999,-0.10915625,-0.24679829,0.15247326,0.18499999764245464,0.18500000371657263
196,7.2290474158684805,-0.40049811334760299,0.044543569052553002,-0.53131287000000005,-0.086271185,-0.26968335999999998,0.17535832000000001,0.18500000117798862,0.18499999664550484
197,7.2614117870084156,-0.42338317964948902,0.067428635354439007,-0.55419792999999995,-0.063386119000000005,-0.29256842999999999,0.19824338999999999,0.18499999693534785,0.18499999664550484
198,7.2937761581483507,-0.44626824595137499,0.090313701656325004,-0.57708300000000001,-0.040501053000000002,-0.31545349,0.22112846,0.18499999976377504,0.18500000371657263
199,7.3261405292882857,-0.46915331225326101,0.113198767958211,-0.59996806999999996,-0.017615987,-0.33833856000000001,0.24401352000000001,0.18500000259220212,0.18499999664550482
200,7.3585049004282208,-0.49203837855514698,0.13608383426009699,-0.62285312999999998,0.0052690797000000001,-0.36122362000000002,0.26689858999999999,0.18499999785458668,0.1850000037165726
201,7.3908692715681559,-0.51492344485703301,0.15896890056198301,-0.64573820000000004,0.028154146000000001,-0.38410868999999997,0.28978366,0.18500000047088183,0.18500000371657269
202,7.4232336427080909,-0.53780851115891903,0.18185396686386901,-0.66862326999999999,0.051039212,-0.40699375999999998,0.31266872000000001,0.18500000329930891,0.18499999664550484
203,7.4555980138480251,-0.56069357746080495,0.20473903316575501,-0.69150833,0.073924278999999996,-0.42987881999999999,0.33555379000000002,0.18499999834956149,0.1850000037165726
204,7.4879623849879602,-0.58357864376269097,0.22762409946764101,-0.71439339999999996,0.096809345000000005,-0.45276389,0.35843884999999998,0.18500000117798857,0.18499999664550476
205,7.5241619353198148,-0.61138705065376897,0.25079951640906201,-0.71647903000000002,0.098547500999999996,-0.50629506999999996,0.40305152999999999,0.185000000862243,0.1850000001087225
206,7.5603614856516703,-0.64291743890944897,0.26858271242874898,-0.71884380999999997,0.099881240999999996,-0.56699107000000004,0.43728418000000002,0.18500000078163531,0.18499999636883133
207,7.5965610359835258,-0.677136867142489,0.28039110671554202,-0.72141027000000002,0.10076686999999999,-0.63286346999999998,0.46001533999999999,0.1850000016654717,0.18499999696639441
208,7.6327605863153805,-0.71292430051554301,0.28583785407499401,-0.72409431999999996,0.10117538,-0.70175427999999995,0.47050033000000002,0.18499999639670534,0.18499999830559749
209,7.668960136647236,-0.74910733605106505,0.284744518049942,-0.72680805000000004,0.10109338,-0.77140662000000004,0.46839565999999999,0.1849999963930434,0.1850000000113394
210,7.7051596869790915,-0.78450061077104105,0.27714691653203999,-0.72946255000000004,0.10052356,-0.83953867999999998,0.45377028000000003,0.18499999515156998,0.18500000428969399
211,7.7413592373109461,-0.81794463440875398,0.26329394836097297,-0.73197084999999995,0.099484584000000001,-0.90391842,0.42710331000000001,0.18499999853488899,0.18499999667425696
212,7.7775587876428016,-0.84834377452570897,0.243639439352141,-0.73425077999999999,0.098010495000000003,-0.96243677000000005,0.38926838000000002,0.18500000225124982,0.1849999999203088
213,7.8137583379746562,-0.87470214963421999,0.21882727487848999,-0.73622765999999995,0.096149582999999997,-1.0131766,0.34150497000000002,0.18500000098403094,0.18499997374170363
214,7.8499578883065118,-0.89615625446028901,0.18967030606586199,-0.73783672,0.093962809999999994,-1.0544758000000001,0.28537780000000001,0.18499999944572873,0.18500000782446932
215,7.8861574386383673,-0.91200324853708303,0.157123720638838,-0.73902524000000003,0.091521817000000005,-1.0849812999999999,0.22272562000000001,0.18500000323917443,0.18500004185864269
216,7.9223569889702228,-0.92172398138942901,0.122253750793112,-0.73975429999999998,0.088906569000000005,-1.1036937,0.15560093,0.18499999859057614,0.18500003473585264
217,7.9585565393020774,-0.92500000000000004,0.086202743230331003,-0.73999999999999999,0.086202742999999998,-1.1100000000000001,0.086202742999999998,0.18500000000000005,0.18500000000000005
218,7.9950978771391554,-0.92500000000000004,0.049661405393252998,-0.73999999999999999,0.049661404999999999,-1.1100000000000001,0.049661404999999999,0.18500000000000005,0.18500000000000005
219,8.0316392149762326,-0.92500000000000004,0.013120067556174999,-0.73999999999999999,0.013120068,-1.1100000000000001,0.013120068,0.18500000000000005,0.18500000000000005
220,8.0681805528133115,-0.92500000000000004,-0.023421270280903999,-0.73999999999999999,-0.023421270000000001,-1.1100000000000001,-0.023421270000000001,0.18500000000000005,0.18500000000000005
221,8.1047218906503886,-0.92500000000000004,-0.059962608117982,-0.73999999999999999,-0.059962608000000001,-1.1100000000000001,-0.059962608000000001,0.18500000000000005,0.18500000000000005
222,8.1412632284874658,-0.92500000000000004,-0.096503945955059997,-0.73999999999999999,-0.096503945999999993,-1.1100000000000001,-0.096503945999999993,0.18500000000000005,0.18500000000000005
223,8.1778045663245447,-0.92500000000000004,-0.13304528379213901,-0.73999999999999999,-0.13304527999999999,-1.1100000000000001,-0.13304527999999999,0.18500000000000008,0.18500000000000008
224,8.2143459041616218,-0.92500000000000004,-0.169586621629217,-0.73999999999999999,-0.16958661999999999,-1.1100000000000001,-0.16958661999999999,0.18500000000000005,0.18500000000000005
225,8.2508872419986989,-0.92500000000000004,-0.206127959466295,-0.73999999999999999,-0.20612796,-1.1100000000000001,-0.20612796,0.18500000000000005,0.18500000000000005
226,8.2874285798357779,-0.92500000000000004,-0.242669297303374,-0.73999999999999999,-0.2426693,-1.1100000000000001,-0.2426693,0.18500000000000008,0.18500000000000008
227,8.323969917672855,-0.92500000000000004,-0.27921063514045202,-0.73999999999999999,-0.27921064000000001,-1.1100000000000001,-0.27921064000000001,0.18500000000000011,0.18500000000000011
228,8.3605112555099321,-0.92500000000000004,-0.31575197297752999,-0.73999999999999999,-0.31575196999999999,-1.1100000000000001,-0.31575196999999999,0.18500000000000008,0.18500000000000008
229,8.397052593347011,-0.92500000000000004,-0.35229331081460902,-0.73999999999999999,-0.35229331000000003,-1.1100000000000001,-0.35229331000000003,0.18500000000000005,0.18500000000000005
230,8.4335939311840882,-0.92500000000000004,-0.38883464865168699,-0.73999999999999999,-0.38883465,-1.1100000000000001,-0.38883465,0.18500000000000005,0.18500000000000005
231,8.4701352690211671,-0.92500000000000004,-0.42537598648876501,-0.73999999999999999,-0.42537598999999998,-1.1100000000000001,-0.42537598999999998,0.18500000000000008,0.18500000000000008
232,8.5066766068582442,-0.92500000000000004,-0.46191732432584298,-0.73999999999999999,-0.46191732000000002,-1.1100000000000001,-0.46191732000000002,0.18500000000000011,0.18500000000000011
233,8.5432179446953231,-0.92500000000000004,-0.49845866216292201,-0.73999999999999999,-0.49845866,-1.1100000000000001,-0.49845866,0.18500000000000008,0.18500000000000008
234,8.5797592825324003,-0.92500000000000004,-0.53500000000000003,-0.73999999999999999,-0.53500000000000003,-1.1100000000000001,-0.53500000000000003,0.18500000000000005,0.18500000000000005
235,8.6170390661935823,-0.922561785491536,-0.57219996478271495,-0.73914449000000004,-0.54805261999999999,-1.1059791000000001,-0.59634730999999996,0.1849999960688776,0.18500001497983606
236,8.6543188498547625,-0.915288860492385,-0.608763427854218,-0.73659258000000005,-0.56088190000000004,-1.0939851,-0.65664495000000001,0.18500000370666853,0.18499996264096902
237,8.6915986335159445,-0.903305666765717,-0.64406477822405095,-0.73238795000000001,-0.57326834000000004,-1.0742233999999999,-0.71486121000000002,0.18500000424221,0.18500001698959953
238,8.7288784171771265,-0.88681724007856499,-0.67749999999999999,-0.72660254000000002,-0.58499999999999996,-1.0470318999999999,-0.77000000000000002,0.18500000032774197,0.18499996555064827
239,8.7661582008383085,-0.86610570198300196,-0.70849700726748499,-0.71933533000000005,-0.59587614,-1.0128760999999999,-0.82111787000000003,0.1850000049624573,0.18500002285590128
240,8.8034379844994906,-0.84152543263816604,-0.73652543263816606,-0.71071068000000004,-0.60571067999999995,-0.97234019000000005,-0.86734018999999996,0.18499999733937605,0.18500000401965125
241,8.8407177681606726,-0.81349700726748497,-0.76110570198300198,-0.70087613999999998,-0.61433532999999996,-0.92611787000000001,-0.90787607000000003,0.18500000496245739,0.1849999990553001
242,8.8779975518218546,-0.78249999999999997,-0.78181724007856501,-0.68999999999999995,-0.62160254000000004,-0.875,-0.94203194000000001,0.18500000032774197,0.18500000019166343
243,8.9152773354830366,-0.74906477822405104,-0.79830566676571701,-0.67826834000000003,-0.62738795000000003,-0.81986121000000001,-0.96922337999999997,0.18500000424221003,0.18499999851200857
244,8.9525571191442186,-0.71376342785421798,-0.81028886049238402,-0.66588190000000003,-0.63159257999999996,-0.76164494999999999,-0.98898514000000004,0.18500000370666767,0.18500000127800281
245,8.9898369028053988,-0.67719996478271505,-0.81756178549153602,-0.65305261999999997,-0.63414448999999995,-0.70134730999999995,-1.0009790999999999,0.18499999606887774,0.18500001497983584
246,9.0271166864665808,-0.64000000000000001,-0.81999999999999995,-0.64000000000000001,-0.63500000000000001,-0.64000000000000001,-1.0049999999999999,0.18499999999999994,0.18499999999999994
247,9.0596166864665815,-0.60750000000000004,-0.81999999999999995,-0.60750000000000004,-0.63500000000000001,-0.60750000000000004,-1.0049999999999999,0.18499999999999994,0.18499999999999994
248,9.0921166864665821,-0.57499999999999996,-0.81999999999999995,-0.57499999999999996,-0.63500000000000001,-0.57499999999999996,-1.0049999999999999,0.18499999999999994,0.18499999999999994
249,9.1290240302519035,-0.53825009643668598,-0.82340538006321995,-0.50425644000000003,-0.64155536000000002,-0.57224375999999999,-1.0052554,0.18499999587818625,0.18499999706341372
250,9.1659313740372248,-0.50275166676256899,-0.83350555411912897,-0.43592196,-0.66099819000000004,-0.56958138000000003,-1.0060129,0.1850000010305424,0.18499998636286363
251,9.2028387178225444,-0.46971356742452902,-0.849956572854077,-0.37232362000000002,-0.69266640000000002,-0.56710351999999997,-1.0072467000000001,0.18500000090761604,0.18499996475738345
252,9.2397460616078657,-0.44026087127068902,-0.87219821655586804,-0.31562718000000001,-0.73548157000000003,-0.56489456999999998,-1.0089148999999999,0.18499999579794471,0.18500002808354279
253,9.2766534053931871,-0.41539655454395202,-0.899473072724149,-0.26776337,-0.78798566000000003,-0.56302973999999995,-1.0109604999999999,0.18500000101219818,0.18500001050942669
254,9.3135607491785084,-0.39596734172898701,-0.93085232884469304,-0.23036213,-0.84839072999999998,-0.56157254999999995,-1.0133139,0.18500000388060997,0.18499998844293833
255,9.350468092963828,-0.382634871365436,-0.96526740198558303,-0.20469713,-0.91463974999999997,-0.56057261999999997,-1.0158951000000001,0.18499999715623269,0.18500001674425945
256,9.3873754367491493,-0.37585316474099301,-1.00154632810734,-0.19164233999999999,-0.98447667999999999,-0.56006398999999996,-1.018616,0.18500000226558175,0.18500000497602009
257,9.4242827805344689,-0.37585316474099301,-1.03845367189266,-0.19164233999999999,-1.0555232999999999,-0.56006398999999996,-1.0213840000000001,0.1850000004202155,0.18500000497602009
258,9.4611901243197902,-0.382634871365436,-1.0747325980144169,-0.20469713,-1.1253603000000001,-0.56057261999999997,-1.0241049,0.18500001083938838,0.18500001674425939
259,9.4980974681051116,-0.39596734172898701,-1.1091476711553081,-0.23036213,-1.1916093000000001,-0.56157254999999995,-1.0266861,0.18500001725276233,0.18499998844293886
260,9.5350048118904311,-0.41539655454395202,-1.1405269272758509,-0.26776337,-1.2520142999999999,-0.56302973999999995,-1.0290395000000001,0.18499997690681455,0.18500001050942663
261,9.5719121556757525,-0.44026087127068902,-1.1678017834441321,-0.31562718000000001,-1.3045184000000001,-0.56489456999999998,-1.0310851000000001,0.18499997362767825,0.18500002808354288
262,9.6088194994610738,-0.46971356742452902,-1.190043427145923,-0.37232362000000002,-1.3473336,-0.56710351999999997,-1.0327533,0.18500000090761604,0.18499996475738345
263,9.6457268432463934,-0.50275166676256899,-1.2064944458808711,-0.43592196,-1.3790017999999999,-0.56958138000000003,-1.0339871,0.18499999170582004,0.18499998636286363
264,9.6826341870317147,-0.53825009643668598,-1.2165946199367801,-0.50425644000000003,-1.3984445999999999,-0.57224375999999999,-1.0347446,0.18499995655926219,0.18499999706341372
265,9.7195415308170361,-0.57499999999999996,-1.22,-0.57499999999999996,-1.405,-0.57499999999999996,-1.0349999999999999,0.18500000000000005,0.18500000000000005
266,9.7570415308170357,-0.61250000000000004,-1.22,-0.61250000000000004,-1.405,-0.61250000000000004,-1.0349999999999999,0.18500000000000005,0.18500000000000005
267,9.7945415308170354,-0.65000000000000002,-1.22,-0.65000000000000002,-1.405,-0.65000000000000002,-1.0349999999999999,0.18500000000000005,0.18500000000000005
268,9.832041530817035,-0.6875,-1.22,-0.6875,-1.405,-0.6875,-1.0349999999999999,0.18500000000000005,0.18500000000000005
269,9.8695415308170347,-0.72499999999999998,-1.22,-0.72499999999999998,-1.405,-0.72499999999999998,-1.0349999999999999,0.18500000000000005,0.18500000000000005
270,9.906448874602356,-0.76174990356331396,-1.2234053800632201,-0.72775624000000005,-1.4052553999999999,-0.79574356000000002,-1.0415554,0.1849999970634135,0.18499995655926241
271,9.9433562183876774,-0.79724833323743105,-1.2335055541191291,-0.73041862000000002,-1.4060128999999999,-0.86407803999999999,-1.0609982,0.18499998636286341,0.18499999170582024
272,9.9802635621729969,-0.83028643257547097,-1.2499565728540769,-0.73289647999999996,-1.4072467,-0.92767637999999997,-1.0926663999999999,0.18499996475738348,0.18500000090761604
273,10.017170905958318,-0.85973912872931102,-1.2721982165558681,-0.73510542999999995,-1.4089149000000001,-0.98437282000000004,-1.1354816000000001,0.18500002808354293,0.18499997362767825
274,10.05407824974364,-0.88460344545604797,-1.299473072724149,-0.73697025999999999,-1.4109605000000001,-1.0322366000000001,-1.1879857,0.1850000105094268,0.18499995296629607
275,10.090985593528961,-0.90403265827101298,-1.330852328844693,-0.73842744999999999,-1.4133138999999999,-1.0696379,-1.2483907000000001,0.18499998844293838,0.18500004410765994
276,10.127892937314281,-0.91736512863456399,-1.3652674019855831,-0.73942737999999997,-1.4158951,-1.0953029000000001,-1.3146397000000001,0.18500001674425945,0.18500003969415579
277,10.164800281099602,-0.92414683525900698,-1.4015463281073399,-0.73993600999999998,-1.4186160000000001,-1.1083577,-1.3844767,0.18500000497602015,0.18500004024958297
278,10.201707624884921,-0.92414683525900698,-1.4384536718926599,-0.73993600999999998,-1.421384,-1.1083577,-1.4555233000000001,0.18500000497602015,0.185000040249583
279,10.238614968670243,-0.91736512863456399,-1.474732598014417,-0.73942737999999997,-1.4241048999999999,-1.0953029000000001,-1.5253603,0.1850000167442595,0.18500003969415579
280,10.275522312455564,-0.90403265827101298,-1.509147671155308,-0.73842744999999999,-1.4266861,-1.0696379,-1.5916093,0.18499998844293891,0.18500004410765955
281,10.312429656240885,-0.88460344545604797,-1.5405269272758511,-0.73697025999999999,-1.4290395,-1.0322366000000001,-1.6520143,0.1850000105094268,0.18499995296629607
282,10.349337000026207,-0.85973912872931102,-1.567801783444132,-0.73510542999999995,-1.4310851,-0.98437282000000004,-1.7045184,0.18500002808354293,0.18499997362767825
283,10.386244343811528,-0.83028643257547097,-1.5900434271459229,-0.73289647999999996,-1.4327532999999999,-0.92767637999999997,-1.7473335999999999,0.18499996475738348,0.18500000090761604
284,10.423151687596848,-0.79724833323743105,-1.606494445880871,-0.73041862000000002,-1.4339871,-0.86407803999999999,-1.7790018000000001,0.18499998636286363,0.18499999170582024
285,10.460059031382169,-0.76174990356331396,-1.61659461993678,-0.72775624000000005,-1.4347445999999999,-0.79574356000000002,-1.7984446000000001,0.18499999706341372,0.18499995655926241
286,10.49696637516749,-0.72499999999999998,-1.6200000000000001,-0.72499999999999998,-1.4350000000000001,-0.72499999999999998,-1.8049999999999999,0.18500000000000005,0.18499999999999983
287,10.533705505602274,-0.68826086956521704,-1.6200000000000001,-0.68826087000000002,-1.4350000000000001,-0.68826087000000002,-1.8049999999999999,0.18500000000000005,0.18499999999999983
288,10.570444636037056,-0.65152173913043498,-1.6200000000000001,-0.65152173999999996,-1.4350000000000001,-0.65152173999999996,-1.8049999999999999,0.18500000000000005,0.18499999999999983
289,10.60718376647184,-0.61478260869565204,-1.6200000000000001,-0.61478261000000001,-1.4350000000000001,-0.61478261000000001,-1.8049999999999999,0.18500000000000005,0.18499999999999983
290,10.643922896906622,-0.57804347826086999,-1.6200000000000001,-0.57804348000000005,-1.4350000000000001,-0.57804348000000005,-1.8049999999999999,0.18500000000000005,0.18499999999999983
291,10.680662027341405,-0.54130434782608705,-1.6200000000000001,-0.54130434999999999,-1.4350000000000001,-0.54130434999999999,-1.8049999999999999,0.18500000000000008,0.18499999999999986
292,10.717401157776189,-0.504565217391304,-1.6200000000000001,-0.50456522000000004,-1.4350000000000001,-0.50456522000000004,-1.8049999999999999,0.18500000000000008,0.18499999999999986
293,10.754140288210971,-0.467826086956522,-1.6200000000000001,-0.46782609000000003,-1.4350000000000001,-0.46782609000000003,-1.8049999999999999,0.18500000000000008,0.18499999999999986
294,10.790879418645755,-0.43108695652173901,-1.6200000000000001,-0.43108696000000002,-1.4350000000000001,-0.43108696000000002,-1.8049999999999999,0.18500000000000008,0.18499999999999986
295,10.827618549080537,-0.39434782608695701,-1.6200000000000001,-0.39434783000000001,-1.4350000000000001,-0.39434783000000001,-1.8049999999999999,0.18500000000000008,0.18499999999999986
296,10.86435767951532,-0.35760869565217401,-1.6200000000000001,-0.3576087,-1.4350000000000001,-0.3576087,-1.8049999999999999,0.18500000000000011,0.18499999999999989
297,10.901096809950104,-0.32086956521739102,-1.6200000000000001,-0.32086956999999999,-1.4350000000000001,-0.32086956999999999,-1.8049999999999999,0.18500000000000011,0.18499999999999989
298,10.937835940384886,-0.28413043478260902,-1.6200000000000001,-0.28413042999999999,-1.4350000000000001,-0.28413042999999999,-1.8049999999999999,0.18500000000000011,0.18499999999999989
299,10.97457507081967,-0.247391304347826,-1.6200000000000001,-0.24739130000000001,-1.4350000000000001,-0.24739130000000001,-1.8049999999999999,0.18500000000000011,0.18499999999999989
300,11.011314201254454,-0.210652173913043,-1.6200000000000001,-0.21065217,-1.4350000000000001,-0.21065217,-1.8049999999999999,0.18500000000000008,0.18499999999999986
301,11.048053331689236,-0.173913043478261,-1.6200000000000001,-0.17391303999999999,-1.4350000000000001,-0.17391303999999999,-1.8049999999999999,0.18500000000000008,0.18499999999999986
302,11.084792462124019,-0.13717391304347801,-1.6200000000000001,-0.13717391000000001,-1.4350000000000001,-0.13717391000000001,-1.8049999999999999,0.18500000000000008,0.18499999999999986
303,11.121531592558801,-0.100434782608696,-1.6200000000000001,-0.10043478,-1.4350000000000001,-0.10043478,-1.8049999999999999,0.18500000000000008,0.18499999999999986
304,11.158270722993585,-0.063695652173913,-1.6200000000000001,-0.063695652000000005,-1.4350000000000001,-0.063695652000000005,-1.8049999999999999,0.18500000000000005,0.18499999999999983
305,11.195009853428369,-0.026956521739130001,-1.6200000000000001,-0.026956522,-1.4350000000000001,-0.026956522,-1.8049999999999999,0.18500000000000005,0.18499999999999983
306,11.231748983863151,0.0097826086956519995,-1.6200000000000001,0.0097826087000000006,-1.4350000000000001,0.0097826087000000006,-1.8049999999999999,0.18500000000000005,0.18499999999999983
307,11.268488114297934,0.046521739130435003,-1.6200000000000001,0.046521738999999999,-1.4350000000000001,0.046521738999999999,-1.8049999999999999,0.18500000000000005,0.18499999999999983
308,11.305227244732716,0.083260869565216999,-1.6200000000000001,0.083260870000000001,-1.4350000000000001,0.083260870000000001,-1.8049999999999999,0.18500000000000005,0.18499999999999983
309,11.341466375167499,0.1195,-1.6200000000000001,0.11899999999999999,-1.4350000000000001,0.12,-1.8049999999999999,0.18500067567444184,0.18500067567444162
310,11.377830734229766,0.15568925473399201,-1.616435669514799,0.11919509,-1.4349807999999999,0.19218341999999999,-1.7978905999999999,0.18508834034121247,0.18508840021960263
311,11.414195093292033,0.19048777670372399,-1.6058796532808439,0.11938268,-1.4349239,0.26159286999999998,-1.7768354,0.18515346163943766,0.18515345427233149
312,11.4505594523543,0.22255827822513599,-1.588737613082122,0.11955557,-1.4348315,0.32556098999999999,-1.7426438,0.18519354617739631,0.185193609513332
313,11.486923811416569,0.25066830791010503,-1.5656683079101039,0.11970711000000001,-1.4347071,0.38162951000000001,-1.6966295,0.18520710930016474,0.18520710106914631
314,11.523288170478835,0.27373761308212202,-1.537558278225136,0.11983147,-1.4345555999999999,0.42764375999999998,-1.6405609999999999,0.18519355442338037,0.18519358183300377
315,11.559652529541102,0.29087965328084397,-1.505487776703724,0.11992388,-1.4343827,0.46183542999999999,-1.5765929000000001,0.18515347242515817,0.18515349349290858
316,11.596016888603369,0.301435669514799,-1.470689254733992,0.11998079,-1.4341950999999999,0.48289054999999997,-1.5071834,0.18508834817318667,0.18508834725772191
317,11.632381247665636,0.30499999999999999,-1.4345000000000001,0.12,-1.4339999999999999,0.48999999999999999,-1.4350000000000001,0.18500067567444178,0.18500067567444178
318,11.667750557816408,0.30856433048520099,-1.3993107452660081,0.12710945000000001,-1.3628165999999999,0.49001920999999998,-1.4358048999999999,0.18508834725772197,0.18508834817318665
319,11.704114916878675,0.31912034671915601,-1.3645122232962761,0.14816457,-1.2934071,0.49007612,-1.4356173000000001,0.18515349349290858,0.18515347242515817
320,11.740479275940942,0.33626238691787802,-1.3324417217748641,0.18235624,-1.2294389999999999,0.49016852999999999,-1.4354444,0.18519358183300394,0.18519355442338017
321,11.776843635003209,0.35933169208989502,-1.304331692089896,0.22837049000000001,-1.1733705000000001,0.49029288999999998,-1.4352929000000001,0.18520710106914617,0.18520710930016485
322,11.813207994065476,0.38744172177486402,-1.2812623869178781,0.28443900999999999,-1.1273561999999999,0.49044442999999999,-1.4351685000000001,0.18519360951333219,0.18519354617739628
323,11.849572353127742,0.41951222329627602,-1.264120346719156,0.34840713000000001,-1.0931645999999999,0.49061732000000002,-1.4350761000000001,0.18515345427233149,0.18515346163943786
324,11.885936712190009,0.45431074526600801,-1.2535643304852011,0.41781657999999999,-1.0721094,0.49080490999999998,-1.4350191999999999,0.18508840021960282,0.18508834034121224
325,11.922301071252276,0.49049999999999999,-1.25,0.48999999999999999,-1.0649999999999999,0.49099999999999999,-1.4350000000000001,0.18500067567444184,0.18500067567444184
326,11.957801071252277,0.52600000000000002,-1.25,0.52600000000000002,-1.0649999999999999,0.52600000000000002,-1.4350000000000001,0.18500000000000005,0.18500000000000005
327,11.993801071252276,0.56200000000000006,-1.25,0.56200000000000006,-1.0649999999999999,0.56200000000000006,-1.4350000000000001,0.18500000000000005,0.18500000000000005
328,12.029801071252276,0.59799999999999998,-1.25,0.59799999999999998,-1.0649999999999999,0.59799999999999998,-1.4350000000000001,0.18500000000000005,0.18500000000000005
329,12.065801071252276,0.63400000000000001,-1.25,0.63400000000000001,-1.0649999999999999,0.63400000000000001,-1.4350000000000001,0.18500000000000005,0.18500000000000005
330,12.101801071252275,0.67000000000000004,-1.25,0.67000000000000004,-1.0649999999999999,0.67000000000000004,-1.4350000000000001,0.18500000000000005,0.18500000000000005
331,12.137801071252275,0.70599999999999996,-1.25,0.70599999999999996,-1.0649999999999999,0.70599999999999996,-1.4350000000000001,0.18500000000000005,0.18500000000000005
332,12.173801071252274,0.74199999999999999,-1.25,0.74199999999999999,-1.0649999999999999,0.74199999999999999,-1.4350000000000001,0.18500000000000005,0.18500000000000005
333,12.209801071252274,0.77800000000000002,-1.25,0.77800000000000002,-1.0649999999999999,0.77800000000000002,-1.4350000000000001,0.18500000000000005,0.18500000000000005
334,12.245801071252274,0.81399999999999995,-1.25,0.81399999999999995,-1.0649999999999999,0.81399999999999995,-1.4350000000000001,0.18500000000000005,0.18500000000000005
335,12.281801071252273,0.84999999999999998,-1.25,0.84999999999999998,-1.0649999999999999,0.84999999999999998,-1.4350000000000001,0.18500000000000005,0.18500000000000005
336,12.317735594546896,0.88592434644692597,-1.2491448410831709,0.87712168999999995,-1.0643544,0.89472700000000005,-1.4339352999999999,0.18499998344928428,0.18500000112504786
337,12.353670117841517,0.92176731269465795,-1.246581301542679,0.90418193999999996,-1.062419,0.93935268000000005,-1.4307436,0.18499999633055847,0.18499999274688411
338,12.38960464113614,0.95744770289633097,-1.242315188620104,0.93111946000000001,-1.0591982,0.98377594999999995,-1.4254321999999999,0.18500002133865692,0.18500004446555351
339,12.425539164430761,0.99288468949210995,-1.236356166433344,0.95787321000000003,-1.0546994000000001,1.0278962,-1.418013,0.18499995807363015,0.18500002986353228
340,12.461473687725384,1.027997996309618,-1.2287177340842741,0.98438258999999995,-1.0489326000000001,1.0716133999999999,-1.4085029,0.1849999948790633,0.18500002519572822
341,12.497408211020007,1.06270808041528,-1.2194171950789461,1.0105876,-1.041911,1.1148286000000001,-1.3969233999999999,0.18499998316249769,0.18500000364123334
342,12.533342734314628,1.0969363123046529,-1.208475618129575,1.0364287000000001,-1.0336505,1.1574439000000001,-1.3833008,0.18499998128602618,0.18500003347225991
343,12.569277257609251,1.1306051540235471,-1.1959177894271349,1.0618475999999999,-1.0241697000000001,1.1993627,-1.3676659,0.18500002015451814,0.18500003679473453
344,12.605211780903874,1.1636383348164241,-1.181772156492662,1.0867865999999999,-1.0134901999999999,1.2404900999999999,-1.3500540999999999,0.18500001628457277,0.18500001708767044
345,12.641146304198497,1.1959610239041949,-1.1660707637344669,1.1111891,-1.0016362000000001,1.2807329000000001,-1.3305053,0.18500001306206185,0.18499996673962796
346,12.677080827493119,1.2275,-1.1488491798572511,1.135,-0.98863447999999998,1.3200000000000001,-1.3090638999999999,0.18500000013607856,0.1850000177038352
347,12.713015350787742,1.2581838171789761,-1.1301464172875419,1.1581653000000001,-0.97451451,1.3582023999999999,-1.2857783,0.1849999847152404,0.18499999953013599
348,12.748949874082365,1.287942966726255,-1.110004843798003,1.1806323999999999,-0.95930828999999995,1.3952534999999999,-1.2607014000000001,0.18500002448028072,0.18500000703415442
349,12.784884397376986,1.316710034596557,-1.088470086530805,1.2023505999999999,-0.94305026000000003,1.4310693999999999,-1.2338899000000001,0.18500001683646849,0.18499996379700639
350,12.820818920671609,1.34441985412869,-1.065590928637465,1.2232706,-0.92577726000000005,1.4655691,-1.2054046,0.1850000100373099,0.18500000668934599
351,12.856753443966232,1.371009653668994,-1.041419198769328,1.2433449999999999,-0.90752840000000001,1.4986743,-1.1753100000000001,0.18500002646354641,0.18500002318111261
352,12.892687967260855,1.396419198769328,-1.0160096536689951,1.2625284000000001,-0.88834504000000003,1.5303100000000001,-1.1436743,0.18499999886038487,0.18500002318111183
353,12.928622490555478,1.4205909286374649,-0.98941985412869005,1.2807773,-0.86827061999999999,1.5604046,-1.1105691,0.18499996671011351,0.18500000668934599
354,12.964557013850101,1.443470086530805,-0.96171003459655702,1.2980503000000001,-0.84735062000000005,1.5888899000000001,-1.0760694,0.1849999730311658,0.18499996379700639
355,13.000491537144722,1.465004843798003,-0.93294296672625499,1.3143083,-0.82563244000000002,1.6157014000000001,-1.0402534999999999,0.18499999313224236,0.18500000703415442
356,13.036426060439345,1.4851464172875419,-0.903183817178976,1.3295144999999999,-0.80316527000000004,1.6407783,-1.0032023999999999,0.18500000934699801,0.18499999953013604
357,13.072360583733968,1.503849179857252,-0.87250000000000005,1.3436345000000001,-0.78000000000000003,1.6640638999999999,-0.96499999999999997,0.18499998281557142,0.18500001770383437
358,13.108295107028589,1.5210707637344669,-0.84096102390419503,1.3566362000000001,-0.75618912000000005,1.6855053,-0.92573293000000001,0.18500000389753107,0.18499998048642299
359,13.144229630323212,1.536772156492662,-0.808638334816424,1.3684902000000001,-0.73178655999999997,1.7050540999999999,-0.88549011,0.18500003290116596,0.18500002124181983
360,13.180164153617834,1.5509177894271351,-0.77560515402354702,1.3791697000000001,-0.70684760000000002,1.7226659,-0.84436270999999996,0.18500002015451825,0.18500004051135793
361,13.216098676912456,1.563475618129575,-0.74193631230465396,1.3886505,-0.68142873999999998,1.7383008,-0.80244389000000005,0.18499996820330211,0.18500003020157998
362,13.252033200207078,1.574417195078945,-0.707708080415279,1.396911,-0.65558755999999996,1.7519233999999999,-0.75982859999999997,0.18499999443179443,0.18500000364123464
363,13.2879677235017,1.5837177340842741,-0.67299799630961799,1.4039326000000001,-0.62938258999999996,1.7635029,-0.71661339999999996,0.1849999948790633,0.18500002519572822
364,13.323902246796322,1.591356166433344,-0.63788468949210997,1.4096994,-0.60287321000000005,1.773013,-0.67289617000000002,0.18499995807363015,0.18500002418599332
365,13.359836770090945,1.597315188620104,-0.60244770289632998,1.4141982,-0.57611946000000003,1.7804321999999999,-0.62877594999999997,0.18500002133865678,0.18500004446555365
366,13.395771293385568,1.601581301542679,-0.56676731269465797,1.417419,-0.54918193999999998,1.7857436,-0.58435267999999996,0.18499999633055847,0.18499999274688411
367,13.431705816680189,1.6041448410831709,-0.53092434644692599,1.4193544,-0.52212168999999997,1.7889352999999999,-0.53972699999999996,0.18499998344928428,0.18500000112504786
368,13.467640339974812,1.605,-0.495,1.4199999999999999,-0.495,1.79,-0.495,0.18500000000000005,0.18500000000000005
369,13.503566265900739,1.605,-0.45907407407407402,1.4199999999999999,-0.45907407,1.79,-0.45907407,0.18500000000000008,0.18500000000000008
370,13.539492191826666,1.605,-0.423148148148148,1.4199999999999999,-0.42314815,1.79,-0.42314815,0.18500000000000005,0.18500000000000005
371,13.575418117752593,1.605,-0.38722222222222202,1.4199999999999999,-0.38722222000000001,1.79,-0.38722222000000001,0.18500000000000008,0.18500000000000008
372,13.611344043678519,1.605,-0.351296296296296,1.4199999999999999,-0.35129630000000001,1.79,-0.35129630000000001,0.18500000000000008,0.18500000000000008
373,13.647269969604446,1.605,-0.31537037037037002,1.4199999999999999,-0.31537037000000001,1.79,-0.31537037000000001,0.18500000000000005,0.18500000000000005
374,13.683195895530371,1.605,-0.27944444444444499,1.4199999999999999,-0.27944444000000002,1.79,-0.27944444000000002,0.18500000000000011,0.18500000000000011
375,13.719121821456298,1.605,-0.243518518518518,1.4199999999999999,-0.24351851999999999,1.79,-0.24351851999999999,0.18500000000000005,0.18500000000000005
376,13.755047747382225,1.605,-0.207592592592592,1.4199999999999999,-0.20759258999999999,1.79,-0.20759258999999999,0.18500000000000008,0.18500000000000008
377,13.79097367330815,1.605,-0.17166666666666699,1.4199999999999999,-0.17166666999999999,1.79,-0.17166666999999999,0.18500000000000008,0.18500000000000008
378,13.826899599234077,1.605,-0.13574074074074099,1.4199999999999999,-0.13574074,1.79,-0.13574074,0.18500000000000005,0.18500000000000005
379,13.862825525160003,1.605,-0.099814814814814995,1.4199999999999999,-0.099814815000000001,1.79,-0.099814815000000001,0.18500000000000005,0.18500000000000005
380,13.89875145108593,1.605,-0.063888888888888995,1.4199999999999999,-0.063888889000000004,1.79,-0.063888889000000004,0.18500000000000005,0.18500000000000005
381,13.934677377011857,1.605,-0.027962962962962998,1.4199999999999999,-0.027962963,1.79,-0.027962963,0.18500000000000005,0.18500000000000005
382,13.970603302937784,1.605,0.0079629629629629998,1.4199999999999999,0.007962963,1.79,0.007962963,0.18500000000000005,0.18500000000000005
383,14.006529228863711,1.605,0.043888888888888998,1.4199999999999999,0.043888889,1.79,0.043888889,0.18500000000000005,0.18500000000000005
384,14.042455154789637,1.605,0.079814814814815005,1.4199999999999999,0.079814814999999997,1.79,0.079814814999999997,0.18500000000000005,0.18500000000000005
385,14.078381080715564,1.605,0.115740740740741,1.4199999999999999,0.11574073999999999,1.79,0.11574073999999999,0.18500000000000005,0.18500000000000005
386,14.114307006641491,1.605,0.151666666666667,1.4199999999999999,0.15166667,1.79,0.15166667,0.18500000000000008,0.18500000000000008
387,14.150232932567418,1.605,0.187592592592593,1.4199999999999999,0.18759259,1.79,0.18759259,0.18500000000000008,0.18500000000000008
388,14.186158858493343,1.605,0.22351851851851801,1.4199999999999999,0.22351852,1.79,0.22351852,0.18500000000000005,0.18500000000000005
389,14.22208478441927,1.605,0.25944444444444498,1.4199999999999999,0.25944444,1.79,0.25944444,0.18500000000000011,0.18500000000000011
390,14.258010710345195,1.605,0.29537037037037001,1.4199999999999999,0.29537036999999999,1.79,0.29537036999999999,0.18500000000000005,0.18500000000000005
391,14.293936636271122,1.605,0.33129629629629598,1.4199999999999999,0.33129629999999999,1.79,0.33129629999999999,0.18500000000000008,0.18500000000000008
392,14.329862562197048,1.605,0.36722222222222201,1.4199999999999999,0.36722221999999999,1.79,0.36722221999999999,0.18500000000000008,0.18500000000000008
393,14.365788488122975,1.605,0.40314814814814798,1.4199999999999999,0.40314814999999998,1.79,0.40314814999999998,0.18500000000000005,0.18500000000000005
394,14.401714414048902,1.605,0.43907407407407401,1.4199999999999999,0.43907406999999998,1.79,0.43907406999999998,0.18500000000000008,0.18500000000000008
395,14.437640339974829,1.605,0.47499999999999998,1.4199999999999999,0.47499999999999998,1.79,0.47499999999999998,0.18500000000000005,0.18500000000000005
396,14.47362053424847,1.6043428556446859,0.51097419271179401,1.4194663000000001,0.50421762000000003,1.7892193999999999,0.51773077000000001,0.18499997865365386,0.18499996753895356
397,14.509600728522111,1.602372299408598,0.54690038494099402,1.4178658,0.53339625000000002,1.7868788,0.56040451999999996,0.18500002698518608,0.18500002817344888
398,14.545580922795752,1.599090960611347,0.582730640252206,1.4152008,0.56249696999999999,1.7829811,0.60296430999999995,0.18499997995011244,0.18499995879956568
399,14.581561117069395,1.5945032175539839,0.61841715021898003,1.4114747000000001,0.59148093000000002,1.7775316999999999,0.64535337000000004,0.18499999512890364,0.18499996033130114
400,14.617541311343036,1.5886151916770239,0.65391229821474495,1.4066924999999999,0.62030947999999997,1.7705378000000001,0.68751512000000004,0.18500004091617586,0.18499995959720261
401,14.653521505616677,1.5814347393925881,0.68916872294783305,1.4008607,0.64894414,1.7620088,0.72939330999999996,0.18500000209698123,0.18500002369666513
402,14.689501699890318,1.5729714416015641,0.72413938165580505,1.3939870000000001,0.67734671000000002,1.7519559,0.77093206000000003,0.18499995798948618,0.18499997593190312
403,14.725481894163961,1.5632365909097801,0.75877761287475898,1.3860805,0.70547928000000004,1.7403926999999999,0.81207594999999999,0.18499998063152021,0.18499999926568031
404,14.761462088437602,1.5522431765602449,0.79303719869987399,1.3771518,0.73330432000000001,1.7273345,0.85277007000000005,0.18500001876631075,0.18499996610173297
405,14.797442282711245,1.54000586710156,0.82687242645411596,1.3672129,0.76078471000000003,1.7127988000000001,0.89296014000000001,0.18499998850237917,0.18499995551720452
406,14.833422476984888,1.526540990815622,0.86023814968280399,1.3562768999999999,0.78788378000000003,1.6968049999999999,0.93259252000000004,0.1850000417120663,0.18499996683117503
407,14.869402671258529,1.511866513930749,0.89308984839267802,1.3443586000000001,0.81456536000000002,1.6793743999999999,0.97161434000000002,0.18499999055881872,0.18499996669615251
408,14.90538286553217,1.4960020166492809,0.92538368845506902,1.3314737000000001,0.84079386,1.6605303,1.0099735000000001,0.18500001637163174,0.18499997902578658
409,14.941363059805811,1.47896866702165,0.95707658009391905,1.3176395000000001,0.86653427999999999,1.6402977999999999,1.0476189,0.18500002226539516,0.18500000227438168
410,14.977343254079452,1.460789192701786,0.98812623538061095,1.3028744999999999,0.89175227000000001,1.6187039000000001,1.0845001999999999,0.1849999766872491,0.18499998875010742
411,15.013323448353093,1.4414878506215301,1.0184912246588891,1.2871983,0.91641419000000002,1.5957774,1.1205683,0.18499996333984967,0.18499998475028626
412,15.049303642626736,1.4210903946245319,1.048131031824584,1.2706318000000001,0.94048712999999995,1.5715490000000001,1.1557748999999999,0.18499999539570233,0.18499998456026204
413,15.085283836900379,1.3996240411028149,1.077006108386382,1.2531972,0.96393896999999995,1.5460509,1.1900732000000001,0.18499999345468709,0.18499997895258921
414,15.12126403117402,1.377117432681854,1.1050779262355079,1.2349177,0.98673842,1.5193171999999999,1.2234174,0.18500000732663383,0.18500001317889611
415,15.157244225447661,1.3536006000026251,1.132309029053906,1.2158176999999999,1.0088550000000001,1.4913835,1.255763,0.18500006708857175,0.18500002830822931
416,15.193224419721302,1.329104921651626,1.1586630822923241,1.1959228,1.0302594,1.4622871,1.2870668000000001,0.18499995446987708,0.18500001986694661
417,15.229204613994943,1.303663082292325,1.184104921651626,1.1752594000000001,1.0509227999999999,1.4320668000000001,1.3172870999999999,0.18499995446987771,0.185000019866946
418,15.265184808268586,1.277309029053906,1.208600600002625,1.1538550000000001,1.0708177000000001,1.400763,1.3463835,0.18500006708857158,0.18500002830822931
419,15.301165002542227,1.250077926235508,1.232117432681854,1.1317383999999999,1.0899177,1.3684174,1.3743171999999999,0.18500002012009414,0.18500001317889611
420,15.337145196815868,1.222006108386382,1.2546240411028149,1.1089389999999999,1.1081972,1.3350732000000001,1.4010509,0.18499997511947638,0.18499997895258921
421,15.373125391089511,1.193131031824584,1.2760903946245321,1.0854870999999999,1.1256318000000001,1.3007749,1.4265490000000001,0.18500001285147244,0.18499998456026184
422,15.409105585363154,1.1634912246588891,1.29648785062153,1.0614142,1.1421983,1.2655683,1.4507774,0.18499995782217124,0.18499998475028626
423,15.445085779636795,1.1331262353806111,1.315789192701786,1.0367523000000001,1.1578744999999999,1.2295001999999999,1.4737039000000001,0.18499996105903835,0.18499998875010737
424,15.481065973910436,1.102076580093919,1.33396866702165,1.0115343000000001,1.1726395000000001,1.1926189,1.4952977999999999,0.18500001247704029,0.18500000227438174
425,15.517046168184077,1.070383688455069,1.3510020166492811,0.98579386000000002,1.1864737000000001,1.1549735000000001,1.5155303,0.18500001637163194,0.18499997902578638
426,15.553026362457718,1.0380898483926779,1.366866513930749,0.95956536000000003,1.1993586000000001,1.1166142999999999,1.5343743999999999,0.18499999055881866,0.18499994971788455
427,15.589006556731359,1.005238149682804,1.381540990815622,0.93288378000000005,1.2112769000000001,1.0775925,1.5518050000000001,0.1850000417120661,0.18499995900908062
428,15.624986751005002,0.97187242645411598,1.3950058671015599,0.90578471000000005,1.2222128999999999,1.0379601000000001,1.5677988,0.18499998850237917,0.18499994122796951
429,15.660966945278643,0.93803719869987501,1.4072431765602449,0.87830432000000003,1.2321518,0.99777006999999995,1.5823345,0.18500001876631106,0.18499996610173264
430,15.696947139552286,0.903777612874759,1.41823659090978,0.85047927999999995,1.2410805,0.95707595000000001,1.5953927000000001,0.18499998063152023,0.18499999926568053
431,15.732927333825927,0.86913938165580595,1.4279714416015641,0.82234671000000004,1.2489870000000001,0.91593206000000005,1.6069559,0.1849999579894864,0.18499997593190287
432,15.768907528099568,0.83416872294783395,1.436434739392588,0.79394414000000002,1.2558606999999999,0.87439330999999998,1.6170088,0.18500000209698142,0.18500002369666491
433,15.804887722373211,0.79891229821474496,1.4436151916770239,0.76530947999999999,1.2616925000000001,0.83251512000000005,1.6255378,0.18500004091617564,0.18499995959720261
434,15.840867916646852,0.76341715021898005,1.4495032175539839,0.73648093000000003,1.2664747000000001,0.79035337000000006,1.6325316999999999,0.18499999512890364,0.18499996033130114
435,15.876848110920495,0.72773064025220602,1.454090960611347,0.70749697,1.2702008,0.74796430999999997,1.6379811,0.18499997995011244,0.18499995879956568
436,15.912828305194136,0.69190038494099404,1.457372299408598,0.67839625000000003,1.2728657999999999,0.70540451999999998,1.6418788,0.18500002698518608,0.18500002817344888
437,15.948808499467777,0.65597419271179402,1.4593428556446859,0.64921762000000005,1.2744663000000001,0.66273077000000002,1.6442194000000001,0.18499997865365386,0.18499996753895379
438,15.984788693741418,0.62,1.46,0.62,1.2749999999999999,0.62,1.645,0.18500000000000005,0.18500000000000005
439,16.021140045092768,0.58364864864864896,1.46,0.58364864999999999,1.2749999999999999,0.58364864999999999,1.645,0.18500000000000005,0.18500000000000005
440,16.057491396444121,0.54729729729729704,1.46,0.54729729999999999,1.2749999999999999,0.54729729999999999,1.645,0.18500000000000008,0.18500000000000008
441,16.09384274779547,0.510945945945946,1.46,0.51094594999999998,1.2749999999999999,0.51094594999999998,1.645,0.18500000000000008,0.18500000000000008
442,16.13019409914682,0.47459459459459502,1.46,0.47459458999999998,1.2749999999999999,0.47459458999999998,1.645,0.18500000000000011,0.18500000000000011
443,16.166545450498173,0.43824324324324299,1.46,0.43824323999999998,1.2749999999999999,0.43824323999999998,1.645,0.18500000000000008,0.18500000000000008
444,16.202896801849523,0.40189189189189201,1.46,0.40189188999999997,1.2749999999999999,0.40189188999999997,1.645,0.18500000000000008,0.18500000000000008
445,16.239248153200872,0.36554054054054103,1.46,0.36554054000000002,1.2749999999999999,0.36554054000000002,1.645,0.18500000000000005,0.18500000000000005
446,16.275599504552225,0.32918918918918899,1.46,0.32918919000000002,1.2749999999999999,0.32918919000000002,1.645,0.18500000000000005,0.18500000000000005
447,16.311950855903575,0.29283783783783801,1.46,0.29283784000000002,1.2749999999999999,0.29283784000000002,1.645,0.18500000000000008,0.18500000000000008
448,16.348302207254928,0.25648648648648598,1.46,0.25648649000000001,1.2749999999999999,0.25648649000000001,1.645,0.18500000000000008,0.18500000000000008
449,16.384653558606278,0.220135135135135,1.46,0.22013514000000001,1.2749999999999999,0.22013514000000001,1.645,0.18500000000000011,0.18500000000000011
450,16.421004909957627,0.18378378378378399,1.46,0.18378378000000001,1.2749999999999999,0.18378378000000001,1.645,0.18500000000000008,0.18500000000000008
451,16.457356261308981,0.14743243243243201,1.46,0.14743243,1.2749999999999999,0.14743243,1.645,0.18500000000000008,0.18500000000000008
452,16.49370761266033,0.111081081081081,1.46,0.11108108,1.2749999999999999,0.11108108,1.645,0.18500000000000005,0.18500000000000005
453,16.53005896401168,0.074729729729729993,1.46,0.074729729999999994,1.2749999999999999,0.074729729999999994,1.645,0.18500000000000005,0.18500000000000005
454,16.566410315363033,0.038378378378378,1.46,0.038378377999999998,1.2749999999999999,0.038378377999999998,1.645,0.18500000000000005,0.18500000000000005
455,16.602761666714382,0.0020270270270269998,1.46,0.0020270269999999998,1.2749999999999999,0.0020270269999999998,1.645,0.18500000000000005,0.18500000000000005
456,16.639113018065732,-0.034324324324324001,1.46,-0.034324324000000003,1.2749999999999999,-0.034324324000000003,1.645,0.18500000000000005,0.18500000000000005
457,16.675464369417085,-0.070675675675675995,1.46,-0.070675676000000007,1.2749999999999999,-0.070675676000000007,1.645,0.18500000000000005,0.18500000000000005
458,16.711815720768435,-0.107027027027027,1.46,-0.10702703,1.2749999999999999,-0.10702703,1.645,0.18500000000000008,0.18500000000000008
459,16.748167072119784,-0.143378378378378,1.46,-0.14337838,1.2749999999999999,-0.14337838,1.645,0.18500000000000005,0.18500000000000005
460,16.784518423471138,-0.17972972972973,1.46,-0.17972973,1.2749999999999999,-0.17972973,1.645,0.18500000000000005,0.18500000000000005
461,16.820869774822487,-0.21608108108108101,1.46,-0.21608108000000001,1.2749999999999999,-0.21608108000000001,1.645,0.18500000000000005,0.18500000000000005
462,16.857221126173837,-0.25243243243243202,1.46,-0.25243242999999999,1.2749999999999999,-0.25243242999999999,1.645,0.18500000000000008,0.18500000000000008
463,16.89357247752519,-0.288783783783784,1.46,-0.28878377999999999,1.2749999999999999,-0.28878377999999999,1.645,0.18500000000000008,0.18500000000000008
464,16.929923828876539,-0.32513513513513498,1.46,-0.32513513999999999,1.2749999999999999,-0.32513513999999999,1.645,0.18500000000000011,0.18500000000000011
465,16.966275180227889,-0.36148648648648601,1.46,-0.36148648999999999,1.2749999999999999,-0.36148648999999999,1.645,0.18500000000000008,0.18500000000000008
466,17.002626531579242,-0.39783783783783799,1.46,-0.39783784,1.2749999999999999,-0.39783784,1.645,0.18500000000000008,0.18500000000000008
467,17.038977882930592,-0.43418918918918897,1.46,-0.43418919,1.2749999999999999,-0.43418919,1.645,0.18500000000000005,0.18500000000000005
468,17.075329234281945,-0.47054054054054101,1.46,-0.47054054000000001,1.2749999999999999,-0.47054054000000001,1.645,0.18500000000000005,0.18500000000000005
469,17.111680585633295,-0.50689189189189199,1.46,-0.50689189000000001,1.2749999999999999,-0.50689189000000001,1.645,0.18500000000000008,0.18500000000000008
470,17.148031936984644,-0.54324324324324302,1.46,-0.54324324000000002,1.2749999999999999,-0.54324324000000002,1.645,0.18500000000000008,0.18500000000000008
471,17.184383288335997,-0.57959459459459495,1.46,-0.57959459000000002,1.2749999999999999,-0.57959459000000002,1.645,0.18500000000000011,0.18500000000000011
472,17.220734639687347,-0.61594594594594598,1.46,-0.61594594999999996,1.2749999999999999,-0.61594594999999996,1.645,0.18500000000000008,0.18500000000000008
473,17.257085991038696,-0.65229729729729702,1.46,-0.65229729999999997,1.2749999999999999,-0.65229729999999997,1.645,0.18500000000000008,0.18500000000000008
474,17.29343734239005,-0.68864864864864905,1.46,-0.68864864999999997,1.2749999999999999,-0.68864864999999997,1.645,0.18500000000000005,0.18500000000000005
475,17.329788693741399,-0.72499999999999998,1.46,-0.72499999999999998,1.2749999999999999,-0.72499999999999998,1.645,0.18500000000000005,0.18500000000000005
476,17.365988244073254,-0.76105100756278099,1.456723981389429,-0.72770383000000005,1.2747542999999999,-0.79439819,1.6386936999999999,0.18499999782803783,0.18500003531813586
477,17.402187794405108,-0.79592097740850698,1.447003248537083,-0.73031906999999996,1.2740252000000001,-0.86152287999999999,1.6199813000000001,0.18500004197656747,0.18500004300413375
478,17.438387344736963,-0.82846756283553102,1.4311562544602889,-0.73276006999999999,1.2728367,-0.92417506000000005,1.5894758,0.18500001489018211,0.18500000949564163
479,17.474586895068818,-0.85762453164815899,1.4097021496342199,-0.73494683999999999,1.2712277000000001,-0.98030222,1.5481765999999999,0.18499997089086492,0.18499996925258202
480,17.510786445400672,-0.88243669612180997,1.383343774525708,-0.73680774999999998,1.2692508,-1.0280655999999999,1.4974368,0.18499999130992653,0.18499998947740653
481,17.546985995732527,-0.902091205130642,1.3529446344087539,-0.73828183999999997,1.2669708,-1.0659006,1.4389183999999999,0.18500002245256039,0.18500001680379319
482,17.583185546064382,-0.91594417330170896,1.319500610771041,-0.73932081000000005,1.2644625,-1.0925674999999999,1.3745387,0.18500001648987177,0.1849999751349877
483,17.619385096396236,-0.92354177481961097,1.284107336051064,-0.73989062999999999,1.2618081000000001,-1.1071929,1.3064066000000001,0.18499999708652642,0.18499998095320783
484,17.655584646728091,-0.92463511084466399,1.2479243005155429,-0.73997263000000002,1.2590943000000001,-1.1092976000000001,1.2367543000000001,0.18500000194645583,0.18500001030422095
485,17.691784197059945,-0.91918836348521005,1.212136867142489,-0.73956412999999999,1.2564103,-1.0988126,1.1678634999999999,0.18500000570848044,0.18499999292339131
486,17.7279837473918,-0.90737996919841801,1.1779174389094491,-0.73867850000000002,1.2538438000000001,-1.0760814000000001,1.1019911,0.18499999464366887,0.18499995052619206
487,17.764183297723655,-0.88959677317873098,1.146387050653769,-0.73734476000000004,1.251479,-1.0418487999999999,1.0412950999999999,0.18499998198477546,0.18499999395513134
488,17.800382848055509,-0.86642135623730998,1.1185786437626899,-0.7356066,1.2493934,-0.99723611000000001,0.98776388999999998,0.18500000242933429,0.18499999892969304
