t,x_ref,y_ref,yaw_ref,v_ref,w_left,w_right
0,8.2680047999999999,23.032821599999998,1.5707963267948966,3.3771840000000002,1.8500000000000001,1.8500000000000001
0.10000000000000001,8.2680047999999999,23.337926400000001,1.5707963267948966,3.3771840000000002,1.8500000000000001,1.8500000000000001
0.20000000000000001,8.2680047999999999,23.642421599999999,1.5687963294615548,3.3771840000000002,1.8500000000000001,1.8500000000000001
0.30000000000000004,8.2683096000000003,23.794821599999999,1.4062963680696778,3.3771840000000002,1.8500000000000001,1.8500000000000001
0.40000000000000002,8.4200999999999997,24.709221599999999,1.6975638618962563,3.3771840000000002,1.8500000000000001,1.8500000000000001
0.5,8.4082127999999994,24.802490400000003,1.5402639461087082,3.3771840000000002,1.8500000000000001,1.8500000000000001
0.60000000000000009,8.4176616000000006,25.111862400000003,1.6164925319738899,2.9169360000000002,1.8500000000000001,1.8500000000000001
0.70000000000000007,8.4060792000000006,25.3651512,1.6530746107528824,3.0236160000000005,1.8500000000000001,1.8500000000000001
0.80000000000000004,8.3795616000000006,25.686715200000002,1.6202940667430659,3.4015680000000001,1.8500000000000001,1.8500000000000001
0.90000000000000002,8.3615784000000009,26.049732000000002,1.5786639850684328,3.6545520000000002,1.8500000000000001,1.8500000000000001
1,8.3585303999999994,26.437132800000004,1.562114619111834,3.7947600000000001,1.8500000000000001,1.8500000000000001
1.1000000000000001,8.3618832000000012,26.823314400000001,1.5707963267948966,3.8191440000000001,1.8500000000000001,1.8500000000000001
1.2000000000000002,8.3618832000000012,27.204619200000003,1.5699969664535673,3.8130480000000002,1.8500000000000001,1.8500000000000001
1.3,8.3621879999999997,27.585923999999999,1.5715982512420772,3.8039040000000002,1.8500000000000001,1.8500000000000001
1.4000000000000001,8.3618832000000012,27.9660096,1.5699833188439472,3.7978080000000003,1.8500000000000001,1.8500000000000001
1.5,8.3621879999999997,28.3409136,1.5707963267948966,3.8282880000000001,1.8500000000000001,1.8500000000000001
1.6000000000000001,8.3621879999999997,28.717646400000003,1.5684939517380505,3.9654480000000003,1.8500000000000001,1.8500000000000001
1.7000000000000002,8.3631024000000007,29.114800800000001,1.5666754710002144,4.2336720000000012,1.8500000000000001,1.8500000000000001
1.8,8.3649312000000009,29.558589600000001,1.574620399932501,4.6085760000000002,1.8500000000000001,1.8500000000000001
1.9000000000000001,8.3631024000000007,30.036820800000005,1.5719577664584898,4.9865280000000007,1.8500000000000001,1.8500000000000001
2,8.3624928000000001,30.561686400000003,1.5707963267948966,5.2547519999999999,1.8500000000000001,1.8500000000000001
2.1000000000000001,8.3624928000000001,31.106973600000003,1.5707963267948966,5.3919120000000005,1.8500000000000001,1.8500000000000001
2.2000000000000002,8.3624928000000001,31.6546992,1.5707963267948966,5.4193440000000006,1.8500000000000001,1.8500000000000001
2.3000000000000003,8.3624928000000001,32.196024000000001,1.5707963267948966,5.4010559999999996,1.8500000000000001,1.8500000000000001
2.4000000000000004,8.3624928000000001,32.733995999999998,1.5702294334315869,5.3888639999999999,1.8500000000000001,1.8500000000000001
2.5,8.3627976000000004,33.271663200000006,1.5696644653653955,5.3888639999999999,1.8500000000000001,1.8500000000000001
2.6000000000000001,8.363407200000001,33.8102448,1.5696682956884704,5.3949600000000002,1.8500000000000001,1.8500000000000001
2.7000000000000002,8.3640167999999999,34.350655199999999,1.5696708348672017,5.407152,1.8500000000000001,1.8500000000000001
2.8000000000000003,8.3646264000000006,34.892284799999999,1.5696695667083558,5.4102000000000006,1.8500000000000001,1.8500000000000001
2.9000000000000004,8.3652360000000012,35.433304800000002,1.5696695667083591,5.4102000000000006,1.8500000000000001,1.8500000000000001
3,8.3658456000000001,35.974324799999998,1.5696689315566468,5.4102000000000006,1.8500000000000001,1.8500000000000001
3.1000000000000001,8.3664552000000008,36.515039999999999,1.5696695667083558,5.4102000000000006,1.8500000000000001,1.8500000000000001
3.2000000000000002,8.3670648000000014,37.056060000000002,1.5702319927690256,5.4102000000000006,1.8500000000000001,1.8500000000000001
3.3000000000000003,8.3673696000000017,37.596165599999999,1.5696758790844985,5.4193440000000006,1.8500000000000001,1.8500000000000001
3.4000000000000004,8.3679792000000006,38.140233600000002,1.5696858330814789,5.4254400000000009,1.8500000000000001,1.8500000000000001
3.5,8.3685887999999995,38.689178400000003,1.5707963267948966,5.3553360000000003,1.8500000000000001,1.8500000000000001
3.6000000000000001,8.3685887999999995,39.229893599999997,1.5737993207708905,5.1663600000000001,1.8500000000000001,1.8500000000000001
3.7000000000000002,8.3670648000000014,39.737385600000003,1.5602565326379698,4.8920400000000006,1.8500000000000001,1.8500000000000001
3.8000000000000003,8.3719415999999995,40.200071999999999,1.5576664662809925,4.6786799999999999,1.8500000000000001,1.8500000000000001
3.9000000000000004,8.3777328000000004,40.641117600000001,1.5477437577109978,4.6786800000000008,1.8500000000000001,1.8500000000000001
4,8.3884008000000012,41.103803999999997,1.558184382914841,4.8920400000000006,1.8500000000000001,1.8500000000000001
4.1000000000000005,8.394801600000001,41.61129600000001,1.5561329672248831,5.1663600000000018,1.8500000000000001,1.8500000000000001
4.2000000000000002,8.4027264000000006,42.151706400000002,1.5552506608325545,5.3553360000000003,1.8500000000000001,1.8500000000000001
4.2999999999999998,8.4112608000000009,42.700651200000003,1.555662953029473,5.4223920000000003,1.8500000000000001,1.8500000000000001
4.4000000000000004,8.4194904000000008,43.244414399999997,1.5555604854913265,5.4223920000000003,1.8500000000000001,1.8500000000000001
4.5,8.4277200000000008,43.784520000000001,1.5561906239052652,5.4193440000000006,1.8500000000000001,1.8500000000000001
4.6000000000000005,8.4356448000000004,44.327064000000014,1.5556374655660066,5.4223920000000003,1.8500000000000001,1.8500000000000001
4.7000000000000002,8.4438744000000003,44.869912800000009,1.5556204261785176,5.4223920000000003,1.8500000000000001,1.8500000000000001
4.8000000000000007,8.4521040000000003,45.412152000000013,1.5561577328720044,5.4193440000000006,1.8500000000000001,1.8500000000000001
4.9000000000000004,8.4600287999999999,45.953476799999997,1.5567048131411296,5.4132480000000012,1.8500000000000001,1.8500000000000001
5,8.4676487999999992,46.494191999999998,1.5567048131411296,5.4102000000000006,1.8500000000000001,1.8500000000000001
