index,t,x,y,z,vx,vy,vz,ax,ay,az
0,0,5,0,1,-0,0,0,-0,0.00098663578586421921,0
1,0.040000000000000001,4.9999999999997504,1.5786172573826457e-06,1,-1.2460162226532981e-11,3.9465431434560897e-05,0,-1.0896495127241069e-09,0.0024646425643117665,0
2,0.080000000000000002,4.9999999999910401,9.4654734631606197e-06,1,-3.7326414061950958e-10,0.00019717140514359887,0,-1.9890194783585498e-08,0.0063995119891036255,0
3,0.12,4.9999999999006324,3.1522529085197502e-05,1,-3.476470887094558e-09,0.00055142639052740375,0,-1.3824865640258569e-07,0.012282397033160067,0
4,0.16,4.9999999993804254,7.8713055792972486e-05,1,-1.8572552815335227e-08,0.0011797631674138557,0,-5.9463855424206802e-07,0.020090080616567019,0
5,0.20000000000000001,4.9999999972755731,0.00016505836936988203,1,-7.1260083435741502e-08,0.0021586328373907155,0,-1.9154146665383525e-06,0.029791749266156919,0
6,0.23999999999999999,4.9999999905393011,0.00030758249368703443,1,-2.1918962926386614e-07,0.003563103097362959,0,-5.0827935809315794e-06,0.041349114473682821,0
7,0.28000000000000003,4.9999999723066226,0.00052624497357715806,1,-5.7535016613099734e-07,0.0054665619539000709,0,-1.1735523840394887e-05,0.05471656314415009,0
8,0.32000000000000001,4.9999999287896726,0.00084386210040428647,1,-1.3401253491445039e-06,0.0079404280217804518,0,-2.4397374286062115e-05,0.069841336121854697,0
9,0.35999999999999999,4.9999998346160499,0.0012860168582760265,1,-2.8430927186431885e-06,0.011053868501586439,0,-4.6727822017847259e-05,0.086663733422781386,0
10,0.40000000000000002,4.9999996461996599,0.0018809579405938894,1,-5.5952972963697739e-06,0.014873525866785756,0,-8.3788676015836535e-05,0.10511734438239446,0
11,0.44,4.9999992927119878,0.0026594882252927838,1,-1.0352466400676477e-05,0.019463254208171264,0,-0.00014231984094852031,0.12512930045439358,0
12,0.47999999999999998,4.9999986642112759,0.0036548431319120343,1,-1.8189349705399558e-05,0.02488386608095455,0,-0.00023101701815327844,0.1466205478813179,0
13,0.52000000000000002,4.9999975964883294,0.0049025593137377128,1,-3.0585072754684736e-05,0.031192890575993667,0,-0.00036080386519724114,0.169506136920094,0
14,0.56000000000000005,4.9999958522009855,0.0064403341628027772,1,-4.9519088759188955e-05,0.038444343191204586,0,-0.00054509099752234817,0.19369552376784294,0
15,0.59999999999999998,4.9999930978947811,0.0083078766236823198,1,-7.7577008140476851e-05,0.046688507912811698,0,-0.00080001421877093002,0.21909288082278863,0
16,0.64000000000000001,4.9999888765449523,0.010546749822986829,1,-0.00011806528363468104,0.055971731730560845,0,-0.0011446445113521206,0.24559741046236538,0
17,0.68000000000000005,4.9999825753042817,0.013200206024553567,1,-0.00017513343646149689,0.066336231609438495,0,-0.0016011626040553376,0.27310365715787316,0
18,0.71999999999999997,4.999973388201977,0.016313014415038716,1,-0.00025390223163357058,0.077819913727213072,0,-0.0021949913550262856,0.3015018125049832,0
19,0.76000000000000001,4.9999602736098563,0.019931282210603911,1,-0.00036059595322760201,0.090456204567918475,0,-0.0029548797398314779,0.33067800766359634,0
20,0.80000000000000004,4.9999419063728219,0.02410226955261139,1,-0.00050267669835475268,0.10427389324312374,0,-0.0039129329070794619,0.36051458779788026,0
21,0.83999999999999997,4.9999166245896705,0.028874198628935858,1,-0.00068897840625234787,0.11929698420341216,0,-0.0051045835475455898,0.39089036341232863,0
22,0.88,4.9998823711264109,0.034296057418251438,1,-0.00092983817049926032,0.13554455931071893,0,-0.0065685007045663529,0.42168083401125106,0
23,0.92000000000000004,4.999836630046067,0.040417398408407745,1,-0.0012372222514255673,0.15303064807741396,0,-0.0083464331196922547,0.45275838027896009,0
24,0.95999999999999996,4.9997763582447101,0.04728813258810137,1,-0.0016248441153442243,0.17176410474991813,0,-0.010482985243026191,0.48399242198968595,0
25,1,4.9996979126915964,0.054958318955190738,1,-0.0021082717796464256,0.19174849083276946,0,-0.01302532512619289,0.51524954010444102,0
26,1.04,4.9995969737800126,0.063477949727279118,1,-0.0027050217397775731,0.21298196162253102,0,-0.016022824540720515,0.54639356298161945,0
27,1.0800000000000001,4.9994684654028667,0.072896731383027435,1,-0.0034346367966711527,0.23545715535802797,0,-0.019526632808688445,0.57728561829407643,0
28,1.1200000000000001,4.999306472471468,0.083263861608780021,1,-0.0043187451917013247,0.2591610837011486,0,-0.023589186978711645,0.60778415407312647,0
29,1.1599999999999999,4.999104156695406,0.09462780217745495,1,-0.0053810985902804833,0.2840750224462627,0,-0.028263662111865935,0.63774493424522583,0
30,1.2,4.998853671534266,0.10703604774839297,1,-0.0066475866338719771,0.31017440161964216,0,-0.033603366542696987,0.66702101603742003,0
31,1.24,4.9985460773162531,0.12053489055117818,1,-0.0081462260017712267,0.33742869447425217,0,-0.039661088034417494,0.69546271864274145,0
32,1.28,4.9981712575931345,0.13516918090652327,1,-0.0099071221862889157,0.36580130530851579,0,-0.046488397740097047,0.72291759449033144,0
33,1.3200000000000001,4.9977178378635765,0.15098208354620418,1,-0.011962402485143388,0.39524945653594101,0,-0.054134919799430907,0.74923041628618392,0
34,1.3600000000000001,4.9971731078466322,0.16801482972454373,1,-0.0143461190496121,0.42572407599876438,0,-0.062647575230984701,0.77424319460550295,0
35,1.4000000000000001,4.9965229485225402,0.18630646516853017,1,-0.01709412119250683,0.45716968614294007,0,-0.072069809511256216,0.79779524215247366,0
36,1.4399999999999999,4.9957517651779586,0.20589359399428553,1,-0.020243896552100498,0.48952429734091435,0,-0.082440813854223416,0.81972330178488395,0
37,1.48,4.9948424276965078,0.22681011882565247,1,-0.02383438112214022,0.52271930834683666,0,-0.093794750709156202,0.83986175596059143,0
38,1.52,4.9937762193221573,0.24908697748681891,1,-0.027905738589091306,0.55667941757776562,0,-0.10615999437233944,0.8580429353371809,0
39,1.5600000000000001,4.992532795092127,0.27275187680504542,1,-0.032499109860537126,0.59132254961326292,0,-0.11955839785302082,0.87409754379085558,0
40,1.6000000000000001,4.9910901510873149,0.29782902425069391,1,-0.037656334117724885,0.62655980197187355,0,-0.13400459723940536,0.88785521607179219,0
41,1.6400000000000001,4.9894246055816165,0.32433885835796156,1,-0.043419643174901608,0.6622954178322632,0,-0.14950536477187371,0.89914522264982244,0
42,1.6799999999999999,4.9875107930871856,0.35229777910807153,1,-0.049831331372456836,0.6984267908942251,0,-0.1660590216438185,0.90779733401075458,0
43,1.72,4.9853216721909472,0.38171787971325838,1,-0.05693340366397906,0.73484450899520903,0,-0.18365492121256186,0.91364285374059617,0
44,1.76,4.9828285479592376,0.41260668150980151,1,-0.064767204973045833,0.77143244338669537,0,-0.20227301281183768,0.91651582620214378,0
45,1.8,4.9800011095531733,0.44496687394574458,1,-0.073373034287768701,0.80806789070824658,0,-0.22188349571260257,0.9162544205051919,0
46,1.8400000000000001,4.9768074835483631,0.47879606192707247,1,-0.082789747323672308,0.84462177465397259,0,-0.24244657198112249,0.91270248785765495,0
47,1.8800000000000001,4.973214303290189,0.51408652305747082,1,-0.093054351912338587,0.8809589140880083,0,-0.2639123060346204,0.9057112843414562,0
48,1.9199999999999999,4.9691867944418169,0.55082497756324189,1,-0.10420160055846628,0.91693836391765293,0,-0.28622059759930729,0.89514134578564331,0
49,1.96,4.9646888766980259,0.58899237392786674,1,-0.11626358484586624,0.95241383436487348,0,-0.30930127353944076,0.88086449583122295,0
50,2,4.9596832814460159,0.62856369346120888,1,-0.12926933655802056,0.98723419338401786,0,-0.33313682312499138,0.86324343351208421,0
51,2.04,4.9541314716202143,0.66950929814355631,1,-0.14325010551245501,1.021281900510699,0,-0.35780009383451317,0.84311178746477422,0
52,2.0800000000000001,4.9479934948383981,0.71179625225942122,1,-0.15824108869628481,1.0544722869967535,0,-0.38333842032861937,0.82080741555962577,0
53,2.1200000000000001,4.9412280015998098,0.75538809463192724,1,-0.1742770071734368,1.0867149557380171,0,-0.40973936413116185,0.79618635425814033,0
54,2.1600000000000001,4.9337922655004292,0.80024460713574042,1,-0.19139205414527025,1.1179136976441593,0,-0.4369891500746258,0.76910279497282041,0
55,2.2000000000000002,4.9256422056084324,0.84632158037090044,1,-0.20961983939411188,1.1479664310366997,0,-0.4650725748400808,0.7394096845778414,0
56,2.2400000000000002,4.9167324111467607,0.89357057746940538,1,-0.22899333001302186,1.1767651663643608,0,-0.49397291314303698,0.70695938441921558,0
57,2.2800000000000002,4.9070161686335076,0.94193869710058697,1,-0.24954478733086466,1.2041959986399899,0,-0.52367182171567506,0.67160439064245581,0
58,2.3199999999999998,4.8964454916343216,0.99136833683999326,1,-0.27130569994810466,1.230139130112939,0,-0.55414924125092335,0.63319811850290364,0
59,2.3599999999999999,4.8849711532842406,1.0417969581694164,1,-0.2943067128057083,1.254468925793476,0,-0.58538329648976051,0.59159575313148027,0
60,2.3999999999999999,4.872542721739352,1.0931568544825621,1,-0.31857755221715522,1.2770540045398957,0,-0.61735019464993002,0.54665516899342959,0
61,2.4399999999999999,4.8591085987212415,1.1453749235812578,1,-0.34414694680187174,1.2977573685026711,0,-0.65002412241196528,0.49823791999640754,0
62,2.48,4.8446160613195079,1.1983724462605958,1,-0.37104254426743988,1.3164365737913934,0,-0.68337714169704933,0.44621030187378175,0
63,2.52,4.8290113072195098,1.2520648726974619,1,-0.39929082399774202,1.3329439452872787,0,-0.71737908449076149,0.39044448808602311,0
64,2.5600000000000001,4.8122395035239593,1.3063616184748865,1,-0.42891700541480421,1.3471268385645532,0,-0.75199744698718274,0.33081974004440956,0
65,2.6000000000000001,4.7942448393380737,1.3611658721938782,1,-0.45994495209354658,1.3588279519057596,0,-0.78719728334913475,0.26722369196387935,0
66,2.6400000000000001,4.774970582288514,1.4163744167440326,1,-0.49239707162096003,1.3678856913965098,0,-0.8229410994025057,0.19955371009287731,0
67,2.6800000000000002,4.7543591391464304,1.4718774664233711,1,-0.52629421120444853,1.3741345920619854,0,-0.85918874660559041,0.12771832544464595,0
68,2.7199999999999998,4.7323521207244053,1.5275585222155372,1,-0.56165554904823278,1.3774057979578485,0,-0.89589731665822525,0.051638738464415551,0
69,2.7599999999999998,4.7088904112160241,1.5832942476475431,1,-0.59849848153183882,1.3775276040495312,0,-0.93302103714005213,-0.028749606692060614,0
70,2.7999999999999998,4.6839142421450921,1.6389543677625109,1,-0.63683850624081706,1.3743260626032578,0,-0.97051116859253916,-0.11349538142267787,0
71,2.8399999999999999,4.6573632710891184,1.6944015938479287,1,-0.67668910091699841,1.3676256566668212,0,-1.0083159034854268,-0.20262966954101388,0
72,2.8799999999999999,4.6291766653386333,1.749491576659417,1,-0.71806159841379313,1.357250043035187,0,-1.0463802675347884,-0.29616420676522398,0
73,2.9199999999999999,4.5992931906500329,1.8040728909712778,1,-0.76096505776132639,1.3430228668724744,0,-1.0846460238670954,-0.39408956890874247,0
74,2.96,4.567651305245036,1.8579870543665191,1,-0.80540613146658602,1.3247686498949771,0,-1.1230515805512766,-0.49637331596562667,0
75,3,4.5341892592043473,1.9110685832487995,1,-0.85138892919524556,1.3023137537067053,0,-1.1615319020487336,-0.60295810047141896,0
76,3.04,4.4988451993967864,1.9631450891149005,1,-0.89891487800445558,1.2754874195167307,0,-1.2000184251596355,-0.7137597497760404,0
77,3.0800000000000001,4.4615572800778098,2.0140374181669212,1,-0.94798257931965169,1.24412288505377,0,-1.2384389800722246,-0.82866533318535496,0
78,3.1200000000000001,4.4222637792831492,2.063559837366217,1,-0.99858766287332168,1.2080585790254161,0,-1.2767177171504274,-0.94753122630759801,0
79,3.1600000000000001,4.3809032211339467,2.1115202700340574,1,-1.0507226378497303,1.1671393929450478,0,-1.3147750401236338,-1.0701811863742339,0
80,3.2000000000000002,4.3374145041594607,2.1577205840846019,1,-1.1043767415067662,1.121218029566571,0,-1.3525275463707009,-1.1964044537849781,0
81,3.2400000000000002,4.2917370357319138,2.201956935931908,1,-1.1595357855743897,1.0701564265242296,0,-1.3898879750182547,-1.3259538966446915,0
82,3.2800000000000002,4.2438108726954757,2.2440201730416311,1,-1.2161820007585677,1.0138272530703332,0,-1.426765163600866,-1.4585442166057687,0
83,3.3200000000000003,4.1935768682575052,2.2836962979975954,1,-1.2742938797100956,0.95211547703708366,0,-1.4630640140573725,-1.5938502358917446,0
84,3.3600000000000003,4.1409768251951515,2.3207669968208084,1,-1.33384601884924,0.88491999831935109,0,-1.498685468863582,-1.7315052869424172,0
85,3.4000000000000004,4.0859536554140412,2.3550102341114028,1,-1.3948089594697275,0.81215534428344671,0,-1.5335264981265229,-1.8710997276726904,0
86,3.4399999999999999,4.0284515458780987,2.3862009173798286,1,-1.4571490285791313,0.7337534215535676,0,-1.567480098488885,-2.0121796068595077,0
87,3.48,3.9684161309105423,2.4141116326900129,1,-1.5208281799671666,0.64966531761419966,0,-1.6004353047144992,-2.1542455056443282,0
88,3.52,3.9057946708456113,2.4385134534517547,1,-1.5858038360287068,0.55986314459577391,0,-1.6322772148460363,-2.2967515825418126,0
89,3.5600000000000001,3.8405362369887639,2.4591768238701333,1,-1.6520287309044068,0.46434191648555528,0,-1.6628870298445149,-2.4391048506555539,0
90,3.6000000000000001,3.7725919028197339,2.4758725181840484,1,-1.7194507555386005,0.36312144983032596,0,-1.6921421086363404,-2.5806647169939243,0
91,3.6400000000000001,3.7019149413480283,2.488372676402288,1,-1.7880128052914652,0.25624827677724521,0,-1.7199160395072459,-2.7207428148262562,0
92,3.6799999999999997,3.6284610285041357,2.4964519167721022,1,-1.8576526307803456,0.14379755804063055,0,-1.7460787287934094,-2.8586031608931091,0
93,3.7199999999999998,3.5521884524218756,2.4998885246907268,1,-1.9283026926632996,0.025874982093034866,0,-1.770496507827521,-2.9934626699533422,0
94,3.7599999999999998,3.473058328437943,2.4984657171936253,1,-1.9998900211164066,-0.097381364432367723,0,-1.7930322591021464,-3.1244920595828933,0
95,3.7999999999999998,3.3910348196037852,2.4919729815236962,1,-2.0723360807949187,-0.22579917146415338,0,-1.8135455626131751,-3.2508171783018143,0
96,3.8399999999999999,3.3060853624724826,2.4802074856031568,1,-2.1455566421068348,-0.35917014299913963,0,-1.8318928633424802,-3.3715207899619393,0
97,3.8799999999999999,3.2181808978893249,2.4629755574944481,1,-2.2194616596656984,-0.49724831636277905,0,-1.8479276608312378,-3.485644846841339,0
98,3.9199999999999999,3.1272961064792355,2.4400942301491688,1,-2.2939551588272917,-0.63974848347643509,0,-1.861500721782527,-3.59219328302675,0
99,3.96,3.03340964848719,2.4113928469061645,1,-2.368935131252091,-0.78634473562441332,0,-1.8724603166138332,-3.6901353583836567,0
100,4,2.9365044075892737,2.3767147223135168,1,-2.4442934404717382,-0.93666915439283682,0,-1.8806524808570138,-3.7784095816788028,0
101,4.04,2.8365677382520933,2.3359188519171941,1,-2.5199157384731383,-1.0903106725520508,0,-1.8859213022739041,-3.8559282391944736,0
102,4.0800000000000001,2.7335917161769334,2.2888816636850629,1,-2.5956813943477801,-1.2468141296537121,0,-1.8881092345202704,-3.9215825524220467,0
103,4.1200000000000001,2.6275733913224233,2.2354988027233778,1,-2.6714634360864005,-1.4056795479914499,0,-1.887057438148779,-3.974248485110166,0
104,4.1600000000000001,2.5185150429555359,2.1756869398990268,1,-2.7471285066297071,-1.5663616553066559,0,-1.8826061496926016,-4.0127932160381068,0
105,4.2000000000000002,2.4064244361356772,2.109385593911091,1,-2.8225368353144282,-1.7282696811843541,0,-1.8745950795148572,-4.0360822893587533,0
106,4.2400000000000002,2.2913150789904146,2.0365589552670009,1,-2.8975422258800516,-1.8907674544527291,0,-1.8628638390446777,-4.0429874491825748,0
107,4.2800000000000002,2.1732064800942412,1.9571976995199776,1,-2.9719920622249534,-2.0531738290473664,0,-1.847252397948727,-4.0323951592337064,0
108,4.3200000000000003,2.05212440521372,1.871320776025146,1,-3.0457273331209387,-2.2147634657006061,0,-1.8276015717061334,-4.0032158018862614,0
109,4.3599999999999994,1.9281011326335451,1.7789771573820017,1,-3.1185826771120801,-2.3747679964399855,0,-1.8037535399650682,-3.9543935436741586,0
110,4.4000000000000004,1.8011757062287213,1.6802475336626279,1,-3.1903864488368066,-2.5323775981997416,0,-1.7755523959609421,-3.8849168464603516,0
111,4.4399999999999995,1.6713941853981871,1.5752459344907574,1,-3.2609608080212023,-2.6867430008383368,0,-1.7428447271679561,-3.7938295948572831,0
112,4.4800000000000004,1.5388098909251759,1.4641212610504599,1,-3.3301218323958475,-2.836977953485432,0,-1.7054802272378637,-3.6802428012261594,0
113,4.5199999999999996,1.4034836457793887,1.3470587091796313,1,-3.3976796557880613,-2.9821621713876327,0,-1.6633123391524336,-3.5433468396752437,0
114,4.5600000000000005,1.2654840098260949,1.224281063858738,1,-3.4634386326355742,-3.1213447832584413,0,-1.6161989293781525,-3.3824241499642032,0
115,4.5999999999999996,1.1248875073575335,1.0960498446560631,1,-3.5271975301560974,-3.2535482965410547,0,-1.5640029926632999,-3.196862341153015,0
116,4.6400000000000006,0.98177884631295054,0.96266628105507013,1,-3.5887497493895366,-3.3777730949418037,0,-1.5065933869592263,-2.9861676132747874,0
117,4.6799999999999997,0.83625112800535328,0.82447209608582106,1,-3.6478835763053268,-3.4930024790692866,0,-1.4438455977782465,-2.7499784033391519,0
118,4.7200000000000006,0.68840604612593881,0.68185007632998995,1,-3.7043824641360459,-3.5982082570046434,0,-1.375642531120431,-2.4880791496803143,0
119,4.7599999999999998,0.53835407375144706,0.53522440618761524,1,-3.7580253480597787,-3.6923568871216199,0,-1.3018753339114162,-2.2004140561613865,0
120,4.8000000000000007,0.38621463703570669,0.3850607443034087,1,-3.8085869933071086,-3.7744161704649861,0,-1.2224442406920446,-1.8871007251588305,0
121,4.8399999999999999,0.23211627422465236,0.23186602027133496,1,-3.8558383777137828,-3.8433624844821246,0,-1.13725944508885,-1.548443515720769,0
122,4.8799999999999999,0.076196778594540923,0.076187930188463551,1,-3.8995471096765657,-3.8981885438907184,0,-1.0462419943729637,-1.1849464709811901,0
123,4.9199999999999999,-0.081396676123760864,-0.08138588966756391,1,-3.939477882397163,-3.9379116679677568,0,-0.949324705182923,-0.79732564699433184,0
124,4.96,-0.24050742930530988,-0.24022903078963714,1,-3.9753929652170004,-3.961582526581338,0,-0.84645309824539394,-0.38652066382468553,0
125,5,-0.40096924747753804,-0.39967784051120575,1,-4.0070527327536505,-3.9682943298848508,0,-0.73758634967720327,0.046294710801377259,0
126,5.04,-0.56260626038010275,-0.55903332711872145,1,-4.034216232447517,-3.957192418789699,0,-0.62269825619276598,0.49970314448057579,0
127,5.0800000000000001,-0.72523292058762778,-0.71756345704277302,1,-4.0566417910146271,-3.9274842051738608,0,-0.50177821127361555,0.97203569719056482,0
128,5.1200000000000001,-0.8886539882621548,-0.87450585694362803,1,-4.0740876601777778,-3.8784494023250695,0,-0.37483218908176197,1.4613653665756892,0
129,5.1600000000000001,-1.0526645426141925,-1.029070930942191,1,-4.0863127019135099,-3.8094504774257145,0,-0.24188373261781596,1.9655024405492605,0
130,5.2000000000000002,-1.2170500216577567,-1.18044540033087,1,-4.0930771133062676,-3.7199432490386837,0,-0.10297494233786647,2.4819918791777256,0
131,5.2400000000000002,-1.3815862918451676,-1.327796269825968,1,-4.0941431909433836,-3.6094875436376177,0,0.04183253884829416,3.0081129483521387,0
132,5.2800000000000002,-1.5460397491611964,-1.4702752207932941,1,-4.089276134615071,-3.4777578163406662,0,0.19245654856913819,3.5408813256737814,0
133,5.3200000000000003,-1.7101674532429176,-1.6070234278952158,1,-4.0782448899023365,-3.3245536322647822,0,0.34879344064178208,4.0770538940045933,0
134,5.3599999999999994,-1.8737172960709358,-1.7371767912785794,1,-4.060823029042532,-3.1498098964393715,0,0.51071713834622101,4.6131364299843716,0
135,5.4000000000000004,-2.0364282067489095,-1.8598715717619987,1,-4.0367896692572272,-2.9536067121366183,0,0.6780782105844787,5.145394383230764,0
136,5.4399999999999995,-2.1980303938511603,-1.9742504115068631,1,-4.005930427510199,-2.7361787399336777,0,0.85070297647923954,5.6698669266682415,0
137,5.4800000000000004,-2.3582456267720304,-2.0794687173936666,1,-3.9680384104348727,-2.4979239229718075,0,1.0283926442553617,6.1823844392506011,0
138,5.5199999999999996,-2.5167875574551797,-2.1747013788050453,1,-3.922915237930531,-2.2394114378800043,0,1.2109224905295166,6.678589559049362,0
139,5.5600000000000005,-2.6733620838156771,-2.2591497857767449,1,-3.8703720986756038,-1.9613887258544351,0,1.39804108640686,7.1539619171134019,0
140,5.5999999999999996,-2.8276677560921231,-2.3320491075621645,1,-3.810230835544516,-1.6647874546036003,0,1.5894695770463958,7.6038466305393886,0
141,5.6400000000000006,-2.979396227279723,-2.3926757856167162,1,-3.7423250586425136,-1.350728259460837,0,1.7849010216056194,8.0234865967523952,0
142,5.6799999999999997,-3.1282327486978256,-2.4403551889036179,1,-3.6665012833912058,-1.0205241111103891,0,1.983999800708707,8.4080585900629519,0
143,5.7200000000000006,-3.2738567116365545,-2.474469373318974,1,-3.5826200908068322,-0.67568215825012945,0,2.1864010987976337,8.7527131161831981,0
144,5.7599999999999998,-3.4159422359064351,-2.4944648810040402,1,-3.4905573068144466,-0.31790389629948745,0,2.3917104689190394,9.0526179306651482,0
145,5.8000000000000007,-3.5541588059821185,-2.4998605094364952,1,-3.39020519713505,0.050916481874874901,0,2.5995034876695384,9.3030050733603673,0
146,5.8399999999999999,-3.6881719552860739,-2.4902549745569806,1,-3.2814736739703214,0.42869569013978115,0,2.8093255081646462,9.4992212132680205,0
147,5.8799999999999999,-3.8176439990002682,-2.4653343868849498,1,-3.1642915103921863,0.81316703561627957,0,3.0206915190087802,9.6367810369053988,0
148,5.9199999999999999,-3.9422348156232143,-2.4248794547074151,1,-3.0386075580231262,1.2018883029654601,0,3.2330861173225971,9.7114233490645603,0
149,5.96,-4.0616026773062064,-2.3687723240887708,1,-2.904391963269505,1.592251937227092,0,3.4459636039262627,9.7191694880770125,0
150,6,-4.1754051288060108,-2.2970029617566956,1,-2.7616373770456013,1.9814976086472675,0,3.6587482087795378,9.6563835891652658,0
151,6.04,-4.2832999146817352,-2.2096749839782546,1,-2.6103601526022788,2.366727222808759,0,3.870834454738334,9.5198341598946641,0
152,6.0800000000000001,-4.38494595414112,-2.1070108324633847,1,-2.4506015257531288,2.7449224164613311,0,4.0815876675995488,9.3067563620386657,0
153,6.1200000000000001,-4.4800043627063104,-1.9893561972317078,1,-2.2824287714742293,3.1129645537535406,0,4.2903446402681187,9.0149143253306185,0
154,6.1600000000000001,-4.5681395196213295,-1.8571835863635975,1,-2.1059363305437899,3.4676572091489253,0,4.4964144586885757,8.6426627516968733,0
155,6.2000000000000002,-4.6490201796634576,-1.7110949437346106,1,-1.9212468995867487,3.8057510922713669,0,4.6990794969349938,8.1890070048507049,0
156,6.2400000000000002,-4.7223206277489034,-1.5518232183059477,1,-1.7285124775994538,4.1239713364193751,0,4.8975965885446238,7.6536608208692423,0
157,6.2800000000000002,-4.7877218744398906,-1.3802327924073823,1,-1.5279153617533197,4.4190470367238417,0,5.0911983808086863,7.0371007219549249,0
158,6.3200000000000003,-4.8449128901663832,-1.1973186817882742,1,-1.3196690850162627,4.687742886161911,0,5.2790948782952363,6.3406161694482774,0
159,6.3600000000000003,-4.8935918756717118,-1.0042044271007307,1,-1.1040192878897026,4.926892718203522,0,5.4604751813715104,5.5663544548150954,0
160,6.4000000000000004,-4.9334675658781384,-0.80213860497604239,1,-0.8812445163397532,5.1334347241406189,0,5.6345094249133973,4.7173593003206218,0
161,6.4400000000000004,-4.9642605640470041,-0.59248989700387045,1,-0.65165693780663814,5.3044480715781823,0,5.8003509217353457,3.7976021259834636,0
162,6.4800000000000004,-4.9857047027793602,-0.37674066674725604,1,-0.41560296700981775,5.4371906086591277,0,5.9571385145430309,2.8120049377219964,0
163,6.5200000000000005,-4.9975484280683133,-0.15647900842700804,1,-0.17346379313040497,5.5291372969215784,0,6.1039991394013704,1.7664538048771665,0
164,6.5600000000000005,-4.9995562022748006,0.066610753935225947,1,0.07434420014909357,5.5780189748760405,0,6.2400506028203839,0.66780192496375335,0
165,6.6000000000000005,-4.9915099215557603,0.29075912136376997,1,0.32736913033222526,5.5818610151265062,0,6.364404573589959,-0.47613867908912144,0
166,6.6399999999999997,-4.9732103429291312,0.51412401492196935,1,0.58512343613128492,5.5390214008798146,0,6.4761697894407124,-1.6566177175880821,0
167,6.6799999999999997,-4.9444785158155176,0.73480487729360167,1,0.847083830413349,5.4482277137727042,0,6.5744554774719468,-2.8639802506541416,0
168,6.7199999999999998,-4.9051572125535694,0.95085822639728368,1,1.1126913945901971,5.3086124949145921,0,6.6583749860688801,-4.0877140576182267,0
169,6.7599999999999998,-4.8551123520470512,1.1603145843712352,1,1.3813518228549388,5.1197464157423154,0,6.7270496247312952,-5.3165113256012688,0
170,6.7999999999999998,-4.7942344103683068,1.3611966822553712,1,1.6524358244964574,4.8816686755741108,0,6.7796127068553025,-6.5383450734794906,0
171,6.8399999999999999,-4.7224398118176456,1.5515388170263742,1,1.9252796922942788,4.5949140295014317,0,6.815213789051513,-7.7405605556861543,0
172,6.8799999999999999,-4.6396722936233115,1.7294072135856045,1,2.1991860447080636,4.2605358443258465,0,6.833023099049214,-8.9099816974090693,0
173,6.9199999999999999,-4.5459042371647591,1.8929212201695604,1,2.4734247492243515,3.8801245824661268,0,6.8322361426304221,-10.033032399558097,0
174,6.96,-4.4411379583153838,2.0402751417913838,1,2.7472340338061652,3.4558211249154001,0,6.8120784783645938,-11.09587231969943,0
175,7,-4.325406949232411,2.1697604931025425,1,3.0198217929055793,2.9903243651469973,0,6.7718106471791799,-12.084546485759839,0
176,7.04,-4.1987770636741253,2.2797884298872524,1,3.2903670939431815,2.4868925369953225,0,6.7107332420090184,-12.98514783497426,0
177,7.0800000000000001,-4.0613476377008437,2.368912097693106,1,3.5580218895293481,1.9493377815180095,0,6.628192100925931,-13.783991494084946,0
178,7.1200000000000001,-3.9132525374190035,2.435848617303646,1,3.8219129399986773,1.3820135110979088,0,6.5235836052664933,-14.467799331534707,0
179,7.1600000000000001,-3.7546611252604558,2.4795004103302709,1,4.0811439500490412,0.78979419384401872,0,6.3963600623590811,-15.023893022196207,0
180,7.2000000000000002,-3.5857791361546116,2.4989755546075383,1,4.3347979224196811,0.1780472578089782,0,6.2460351505117515,-15.440393574437909,0
181,7.2400000000000002,-3.4068494548525647,2.4936068487840499,1,4.5819397306076901,-0.4474030974189675,0,6.0721894019698652,-15.706424982943156,0
182,7.2800000000000002,-3.2181527856028733,2.4629692589697978,1,4.8216189116089021,-1.0803202948522954,0,5.8744756975991042,-15.812319394043037,0
183,7.3200000000000003,-3.020008205361437,2.4068954179734541,1,5.0528726785778266,-1.7141079829395502,0,5.6526247451079126,-15.74982090919489,0
184,7.3600000000000003,-2.8127735917460277,2.3254888499578921,1,5.2747291521325357,-2.3418707298924608,0,5.4064505107078471,-15.51228491280218,0
185,7.4000000000000004,-2.5968459170223959,2.2191346006422519,1,5.4862108077860041,-2.9564825630741693,0,5.1358555722345809,-15.094869599285266,0
186,7.4400000000000004,-2.372661399536828,2.0885069658219959,1,5.6863381356664764,-3.5506629700108463,0,4.8408363599327977,-14.494716197835327,0
187,7.4800000000000004,-2.1406955041921218,1.9345740292462548,1,5.8741335072996348,-4.1170598343324425,0,4.5214882493615507,-13.711114258371161,0
188,7.5200000000000005,-1.9014627838031803,1.7585987449990459,1,6.0486252427668976,-4.6483386322437461,0,4.1780104692200357,-12.745648275601059,0
189,7.5600000000000005,-1.6555165534675123,1.5621363296148156,1,6.20885187003186,-5.1372770650450637,0,3.8107107853454187,-11.602321896341152,0
190,7.6000000000000005,-1.4034483904470574,1.3470277652678595,1,6.3538665666449399,-5.5768641530901766,0,3.4200099207142207,-10.287655984620862,0
191,7.6399999999999997,-1.1458874524835225,1.1153892574601494,1,6.4827417724005487,-5.9604026689570979,0,3.0064456700057263,-8.8107569154111527,0
192,7.6799999999999997,-0.88349960796171123,0.86959753853597965,1,6.5945739598376267,-6.2816136453040725,0,2.5706766661810776,-7.1833516361993297,0
193,7.7199999999999998,-0.61698637189579886,0.61227096180166807,1,6.6884885477505867,-6.5347415588696967,0,2.1134857556156628,-5.4197862804462202,0
194,7.7599999999999998,-0.34708364234383976,0.34624638962904164,1,6.7636449411213917,-6.7146586694858712,0,1.6357829376166904,-3.5369854415411748,0
195,7.7999999999999998,-0.074560232557004613,0.074551942149029951,1,6.8192416791036061,-6.8169668850509915,0,1.1386078236841208,-1.5543696223797032,0
196,7.8399999999999999,0.19978380505724591,-0.19962425965872785,1,6.8545216708955845,-6.8380954334627715,0,0.62313157165268152,0.50627113507477195,0
197,7.8799999999999999,0.47511906623405831,-0.47296915229016229,1,6.8687774975429434,-6.7753925538412743,0,0.090658249907782651,2.6209488646534451,0
198,7.9199999999999999,0.75058889557154429,-0.74208331261522786,1,6.8613567559217694,-6.627209375225763,0,-0.45737441278014257,4.7636953088883613,0
199,7.96,1.0253117018441358,-1.0035227146423504,1,6.8316674193858065,-6.3929741344119231,0,-1.0193949355889396,6.9068256175088365,0
200,8,1.2983834880223997,-1.2538432355203393,1,6.7791831878263382,-6.0732548986060833,0,-1.5939369511685837,9.0214608101573486,0
201,8.0399999999999991,1.5688798453550923,-1.4896467794130344,1,6.7034304072184661,-5.6697944831743516,0,-2.1796013099255509,11.077732101520965,0
202,8.0799999999999983,1.8358582512959665,-1.7076294309154276,1,6.603995957637169,-5.1855546408219055,0,-2.7745502372017357,13.044644487821799,0
203,8.1199999999999992,2.098361436969693,-1.9046316801704442,1,6.480553786810952,-4.6247585425646909,0,-3.3765311364005086,14.890616799069271,0
204,8.1599999999999984,2.3554210321674809,-2.0776892024736178,1,6.3328717479176877,-3.9928950427729522,0,-3.983123417290495,16.584211384750759,0
205,8.1999999999999993,2.6060614789443246,-2.2240833800142239,1,6.1608181830642632,-3.2967019374892672,0,-4.5917456885155783,18.094675420650475,0
206,8.2399999999999984,2.8493042019284323,-2.3413906936163582,1,5.9643681774430304,-2.54412687052029,0,-5.1996648468143665,19.392511762724169,0
207,8.2799999999999994,3.0841720204062977,-2.4275300656083036,1,5.743609407316141,-1.7442648955836382,0,-5.8040071006823037,20.450069820915857,0
208,8.3199999999999985,3.3096937841433691,-2.4808072036334639,1,5.4987475039008302,-0.90727211418354881,0,-6.4017709462674501,21.242145537852764,0
209,8.3599999999999994,3.5249092117726208,-2.4999549815343429,1,5.230110854988899,-0.044255273042508994,0,-6.9898420915697015,21.746578314419253,0
210,8.3999999999999986,3.7288739074664945,-2.4841688993676989,1,4.9381547667989993,0.83286228506335802,0,-7.5650103017023458,21.944831677826365,0
211,8.4399999999999995,3.9206645285394091,-2.4331366917992523,1,4.6234649101894716,1.7114973762877423,0,-8.1239881133051899,21.822543689084167,0
212,8.4799999999999986,4.0993840736478315,-2.3470612038330754,1,4.2867599780011023,2.5785849228638091,0,-8.6634313404457615,21.370032584642793,0
213,8.5199999999999996,4.2641672584044068,-2.2266757258270675,1,3.9288934839892251,3.4207749927895796,0,-9.1799612678245754,20.582742986110528,0
214,8.5599999999999987,4.4141859425440124,-2.0732510762539818,1,3.5508546385669471,4.2246462478451416,0,-9.6701884001642391,19.461618230897347,0
215,8.5999999999999996,4.5486545703163204,-1.8885938402976328,1,3.1537682424231273,4.9769325484555633,0,-10.130737609699533,18.01338500565479,0
216,8.6399999999999988,4.6668355835742945,-1.6750353140775958,1,2.7388935459930313,5.6647589308100255,0,-10.558274497112203,16.250737523604528,0
217,8.6799999999999997,4.7680447651235589,-1.4354108663338836,1,2.3076220307201338,6.2758826901735771,0,-10.949532755510802,14.192409984439156,0
218,8.7199999999999989,4.8516564683346068,-1.1730296093351877,1,1.8614740770119063,6.7989348919790062,0,-11.301342302601224,11.86312798615873,0
219,8.7599999999999998,4.9171086878371781,-0.89163446546766312,1,1.4020944936981818,7.2236573060436182,0,-11.61065792349252,9.2934319020843414,0
220,8.7999999999999989,4.9639079253497478,-0.59535292162481201,1,0.93124689456757537,7.5411295349816792,0,-11.874588146103417,6.5193679581527144,0
221,8.8399999999999999,4.9916338043791173,-0.28863897576154035,1,0.45080691908653947,7.7439809997022691,0,-12.090424053336623,3.5820457947086681,0
222,8.879999999999999,4.9999433876835493,0.023793006112738446,1,-0.037245693420588456,7.8265824645661892,0,-12.255667721510875,0.52706460749653461,0
223,8.9199999999999999,4.9885751520504575,0.33704159396557665,1,-0.53083615416722929,7.7852119411548815,0,-12.368059963398501,-2.5961865456093758,0
224,8.9599999999999991,4.9573525761134594,0.64609762925183267,1,-1.0278047648667239,7.6181901080358463,0,-12.425607046984126,-5.7353451049242796,0
225,9,4.9061872986344204,0.94592827633393461,1,-1.5259180990089412,7.3259808258203218,0,-12.426606058065943,-8.8359953023669071,0
226,9.0399999999999991,4.8350818069078692,1.2315643089067696,1,-2.0228811629345556,6.9112529093471906,0,-12.369668576336899,-11.842676211319926,0
227,9.0799999999999983,4.7441316177043982,1.4981890113647902,1,-2.5163504620899766,6.3789000346333902,0,-12.253742340813918,-14.699958171769881,0
228,9.1199999999999992,4.6335269164458497,1.7412269671695875,1,-3.0039478851001857,5.7360164953623727,0,-12.078130591563333,-17.353565357485699,0
229,9.1599999999999984,4.503553624078994,1.9564309342013291,1,-3.4832753061036215,4.9918274656856134,0,-11.842508790652317,-19.751519862716449,0
230,9.1999999999999993,4.3545938653602496,2.1399649745800651,1,-3.951929794345217,4.1575734522814018,0,-11.546938446108573,-21.845280861493368,0
231,9.2399999999999984,4.1871258169467991,2.2884820163874626,1,-4.4075193095165854,3.2463497043987233,0,-11.191877788273795,-23.590851222749485,0
232,9.2799999999999994,4.0017229187680483,2.3991940789128781,1,-4.8476787519490587,2.2729024682148422,0,-10.778189078081322,-24.949823522177724,0
233,9.3199999999999985,3.799052437576234,2.4699334921304756,1,-5.2700862286833701,1.2533850909390709,0,-10.307142361173538,-25.890337729878119,0
234,9.3599999999999994,3.5798733772907014,2.4992035844738627,1,-5.6724793898191974,0.20507806876070117,0,-9.780415520013344,-26.387924000854596,0
235,9.3999999999999986,3.3450337366950391,2.4862174987042005,1,-6.0526716845333928,-0.85392184162227946,0,-9.2000905177634831,-26.426205957022887,0
236,9.4399999999999995,3.0954671211526468,2.4309240205599898,1,-6.408568382870671,-1.9050373977105932,0,-8.5686457721573284,-25.997442601000479,0
237,9.4799999999999986,2.8321887212032086,2.3340195644661539,1,-6.73818220795446,-2.9295646773450641,0,-7.8889446442458357,-25.102890492176741,0
238,9.5199999999999996,2.5562906771146068,2.1969457492269493,1,-7.0396484237126007,-3.9090374106914991,0,-7.1642200750959066,-23.752971965732392,0
239,9.5599999999999987,2.2689368546152995,2.0218723076461793,1,-7.3112392256075376,-4.8255938598256209,0,-6.3980554525093893,-21.967239881084485,0
240,9.5999999999999996,1.9713570630421271,1.8116653998465386,1,-7.5513772862193749,-5.6623379927979123,0,-5.5943618388618468,-19.774134520444463,0
241,9.6399999999999988,1.6648407529302969,1.5698417324637315,1,-7.7586483138364315,-6.4036866360854594,0,-4.7573517394441209,-17.210533674397524,0
242,9.6799999999999997,1.3507302355683124,1.3005092161993959,1,-7.9318124904150498,-7.0356944462202655,0,-3.8915096374324505,-14.321102488713676,0
243,9.7199999999999989,1.030413472167014,1.0082952135811079,1,-8.0698146652989635,-7.546348919417504,0,-3.0015595660354242,-11.157455134937965,0
244,9.7599999999999998,0.70531648497795152,0.69826372844243922,1,-8.1717931928291865,-7.9258282516196106,0,-2.0924300297086824,-7.7771456334351221,0
245,9.7999999999999989,0.37689544687660093,0.37582316021624462,1,-8.2370873152891146,-8.1667156580400242,0,-1.1692166238751232,-4.2425100312982149,0
246,9.8399999999999999,0.046628509541368775,0.046626481886478367,1,-8.2652430073494703,-8.2641647419167583,0,-0.23714273568105765,-0.61938645805425141,0
247,9.879999999999999,-0.28399256664238121,-0.28353410647916355,1,-8.2560172141128181,-8.2160116415255047,0,0.6984812636372818,3.0242567959593658,0
248,9.9199999999999982,-0.61347091548635013,-0.60883585201089352,1,-8.2093804317938517,-8.0228309519172587,0,1.6322999017112447,6.6197522345957127,0
249,9.9599999999999991,-0.94031313360259228,-0.92353516263640045,1,-8.1255175977782912,-7.6879337782593833,0,2.5589551137334716,10.09918832242356,0
250,10,-1.2630378466763896,-1.2220760353200972,1,-8.0048272750337564,-7.2173076926775099,0,3.4731289170581467,13.396853152568957,0
251,10.039999999999999,-1.5801842051942663,-1.4991948951263563,1,-7.8479191343445676,-6.619499795672497,0,4.3695857881154279,16.450631042447995,0
252,10.079999999999998,-1.8903202419688578,-1.7500196188952373,1,-7.6556097563477117,-5.9054454853699605,0,5.2432142808522357,19.203317647125147,0
253,10.119999999999999,-2.1920510250940293,-1.97016064972607,1,-7.4289167935963301,-5.0882468725767778,0,6.0890674352522867,21.60382133620142,0
254,10.16,-2.4840265419743144,-2.155792292154064,1,-7.1690515506120631,-4.1829060084423064,0,6.9024015402161023,23.608221662446386,0
255,10.199999999999999,-2.7649492527765074,-2.3037225078882613,1,-6.8774100568578032,-3.2060191793619111,0,7.6787128369366142,25.180659660894854,0
256,10.239999999999998,-3.0335812550118106,-2.4114498019538182,1,-6.5555627235308451,-2.1754394400359547,0,8.4137717765184821,26.294039330430444,0
257,10.279999999999999,-3.2887510049295883,-2.4772060916369476,1,-6.2052426898225406,-1.1099152752386205,0,9.1036544784876785,26.93052481780482,0
258,10.319999999999999,-3.5293595459345015,-2.4999847774840656,1,-5.8283329776152062,-0.028713785097237855,0,9.7447710744621698,27.081823381185131,0
259,10.359999999999999,-3.7543861992671119,-2.479553577869265,1,-5.4268525853149425,1.0487629343579372,0,10.333890662964237,26.749249980194982,0
260,10.399999999999999,-3.962893677646429,-2.4164520371031002,1,-5.0029416615019784,2.1033594986567059,0,10.868162646443416,25.943575140943484,0
261,10.44,-4.1540325883890148,-2.3119739624623725,1,-4.558845907199288,3.1165384981875945,0,11.345134269292183,24.684663398645693,0
262,10.479999999999999,-4.3270452986158183,-2.1681353788766207,1,-4.0969003617289408,4.0707331896765968,0,11.762764225177762,23.000914956426243,0
263,10.52,-4.4812691414566395,-1.9876289028344469,1,-3.6195127312866351,4.9496740966416706,0,12.119432252576148,20.928528060363906,0
264,10.559999999999999,-4.6161389485808746,-1.7737657216628102,1,-3.1291464214975169,5.7386827900775739,0,12.413944688160726,18.510603840904572,0
265,10.6,-4.7311889008418504,-1.5304066139608095,1,-2.6283034353282004,6.424927066195699,0,12.645535997867285,15.796118896437932,0
266,10.639999999999999,-4.8260536952400575,-1.2618836560756981,1,-2.1195072958635155,6.9976328078639867,0,12.813866354256366,12.838793610266944,0
267,10.68,-4.9004690327107729,-0.97291442382869564,1,-1.6052861496811919,7.4482489767867728,0,12.919015375491377,9.6958860408850587,0
268,10.719999999999999,-4.9542714373490657,-0.66851061535414469,1,-1.0881562009751029,7.7705633991273819,0,12.961472185171719,6.4269421812099186,0
269,10.76,-4.9873974235313581,-0.35388308845134647,1,-0.57060561930886211,7.9607682424960142,0,12.94212199279592,3.0925334490444727,0
270,10.799999999999999,-4.9998820329123861,-0.0343453242273664,1,-0.0550790550784859,8.0174753020448648,0,12.862229431249331,-0.24698851884079942,0
271,10.84,-4.9918567684128003,0.28478270064965394,1,0.4560371134131419,7.9416823847507363,0,12.723418919967502,-3.5326912840796583,0
272,10.879999999999999,-4.9635469570142741,0.59826832547312159,1,0.96042868872792109,7.7366931735865352,0,12.52765234996404,-6.7081890535897131,0
273,10.919999999999998,-4.9152685774032836,0.9010559094190973,1,1.4558666187235625,7.4079939406546869,0,12.277204409467855,-9.720674891347068,0
274,10.959999999999999,-4.847424592216182,1.1883507895628007,1,1.940218929600904,6.9630913383088222,0,11.974635886322922,-12.521837846244271,0
275,11,-4.7605008278102154,1.4556960391264604,1,2.4114615542498781,6.4113162125154872,0,11.622765295492272,-15.068648935737718,0
276,11.039999999999999,-4.6550614470989489,1.699040781840347,1,2.8676879966752038,5.7635989410416366,0,11.224639186997042,-17.324003955436655,0
277,11.079999999999998,-4.5317440630362045,1.9147990469184963,1,3.3071177875482785,5.0322221935834959,0,10.783501491519761,-19.257215226106883,0
278,11.119999999999999,-4.3912545418076396,2.0998983900456016,1,3.7281037001652426,4.2305572399262941,0,10.302762257899449,-20.844348514946468,0
279,11.16,-4.2343615456994232,2.2518177523773657,1,4.1291377101012294,3.3727899988000729,0,9.7859661291088269,-22.06840535888071,0
280,11.199999999999999,-4.0618908659720461,2.3686142755329569,1,4.5088556954598262,2.4736429319322744,0,9.2367608913624082,-22.91935476721121,0
281,11.239999999999998,-3.874719595893704,2.4489390299565548,1,4.8660408876612555,1.5480986565214969,0,8.6588664151452441,-23.394021696971436,0
282,11.279999999999999,-3.6737701934083806,2.4920418414339789,1,5.1996260950442883,0.61113078994361081,0,8.0560442876091827,-23.495842701133981,0
283,11.32,-3.4600044817598441,2.4977656112167139,1,5.5086947330474985,-0.32255292942840708,0,7.4320684134254886,-23.234501689681537,0
284,11.359999999999999,-3.2344176348004829,2.4665307151220923,1,5.7924807052751461,-1.2387507623172513,0,6.7906968363029332,-22.625460777304603,0
285,11.399999999999999,-2.9980321917238157,2.3993102329462186,1,6.0503671892511939,-2.1239864777394066,0,6.1356450064879695,-21.689402698330809,0
286,11.44,-2.751892143614195,2.2975968991865332,1,6.2818843890539942,-2.9657050797572304,0,5.4705606911687576,-20.45160224625026,0
287,11.479999999999999,-2.4970571315530457,2.1633627779077926,1,6.4867063242536505,-3.7524422886222828,0,4.7990006953158399,-18.94124465499155,0
288,11.52,-2.2345967931042741,1.9990127479041628,1,6.664646730616246,-4.4739660295557764,0,4.1244095305989248,-17.190708809535909,0
289,11.559999999999999,-1.965585290870711,1.8073329391927169,1,6.8156541528836572,-5.1213888880914453,0,3.4501001400935456,-15.234832694504142,0
290,11.6,-1.6910960535159261,1.5914352891130319,1,6.9398063135931976,-5.6872511689269629,0,2.7792367569693788,-13.110177610957777,0
291,11.639999999999999,-1.4121967562285089,1.3546993873281454,1,7.0373038443933567,-6.1655748308224112,0,2.1148199466398747,-10.85430647124676,0
292,11.68,-1.1299445641152859,1.1007127557884537,1,7.1084634676802665,-6.551889150882503,0,1.4596738543145762,-8.5050899816901868,0
293,11.719999999999999,-0.84538165848843383,0.83321066463522864,1,7.1537107166792984,-6.843229487755484,0,0.81643565384719519,-6.1000528080631717,0
294,11.76,-0.55953106250173235,0.55601652082582398,1,7.1735722813922189,-7.038110957664216,0,0.18754716949062541,-3.6757699543796889,0
295,11.799999999999999,-0.27339277913094434,0.27298378593143008,1,7.1686680661989683,-7.1364792051154069,0,-0.4247513801228171,-1.2673216345382095,0
296,11.84,0.012059748882647901,-0.012059713803791923,1,7.1397030424278816,-7.1396407394247197,0,-1.0184255865870133,1.0921870613816913,0
297,11.879999999999999,0.29588285076508575,-0.29536432530037293,1,7.087458975978123,-7.0501755189371451,0,-1.5916490935569523,3.3720373545358244,0
298,11.919999999999998,0.57716550787319421,-0.57330730457306134,1,7.0127861061877645,-6.8718345991527441,0,-2.1428039799154464,5.5442363411514251,0
299,11.959999999999999,0.85503190198840684,-0.84243721480053535,1,6.916594847685503,-6.6094257228004931,0,-2.6704794014178845,7.5837842128955266,0
300,11.999999999999998,1.1286436341970874,-1.0995135654700023,1,6.7998475820406235,-6.2686897246371931,0,-3.1737089706215302,9.4690915981788564,0
301,12.039999999999997,1.3972008613120734,-1.3415407187050108,1,6.6635319556486099,-5.8561550789482064,0,-3.6519320421568557,11.181975269759194,0
302,12.079999999999998,1.6599431959216193,-1.5657968359080083,1,6.5086553529723288,-5.3790128996450557,0,-4.1044792068018818,12.707181064117904,0
303,12.119999999999997,1.9161511549601697,-1.7698584781525617,1,6.3362585611775133,-4.8450065755380241,0,-4.5305851271621504,14.032482306262482,0
304,12.159999999999998,2.1651473739291389,-1.9516200229540106,1,6.1474099716326949,-4.2623018649059192,0,-4.9296277898421348,15.148895932836764,0
305,12.199999999999998,2.4062975928944046,-2.1093079235129313,1,5.9431999448645181,-3.6393585795391483,0,-5.3011241737276542,16.050620207748295,0
306,12.239999999999998,2.6390114211795006,-2.2414899098513863,1,5.7247353577749909,-2.9848056132223295,0,-5.6447254732357877,16.734930622113055,0
307,12.279999999999998,2.8627428883816646,-2.3470792977414212,1,5.4931343498183409,-2.3073208910908254,0,-5.9602119288584596,17.202038600499542,0
308,12.319999999999999,3.0769907899619304,-2.4253346304486576,1,5.24952128276857,-1.6155176270991793,0,-6.2474873161535172,17.454917851771651,0
309,12.359999999999998,3.2812988362034079,-2.4758549297386927,1,4.9950219266935685,-0.91783808101197162,0,-6.5065731429362348,17.499103321056797,0
310,12.399999999999999,3.4752556137955626,-2.4985708761325349,1,4.7307588827965823,-0.22245580764706921,0,-6.7376026028199485,17.34246772652407,0
311,12.439999999999998,3.658494369688841,-2.4937322740069261,1,4.4578472518989711,0.46281280695311672,0,-6.9408143314713495,16.994980608702669,0
312,12.479999999999999,3.8306926271773323,-2.4618921849062225,1,4.1773905555251494,1.1305871220335983,0,-7.1165460100104641,16.468454689653122,0
313,12.519999999999998,3.9915716444090292,-2.4038881325722121,1,3.8904769148182496,1.7739905186582596,0,-7.2652278579185667,15.776284143523981,0
314,12.559999999999999,4.1408957256981473,-2.3208207960192468,1,3.5981754908671286,2.3867081423436187,0,-7.387376055644256,14.933179128239136,0
315,12.599999999999998,4.2784713961245897,-2.2140306128853249,1,3.3015331884661259,2.9630340455976842,0,-7.4835861348386681,13.954900629664127,0
316,12.639999999999999,4.4041464499559337,-2.0850727147505692,1,3.0015716238616097,3.4979078191888657,0,-7.5545263718267233,12.85799933387165,0
317,12.679999999999998,4.5178088834209991,-1.9356906096673721,1,2.6992843556653865,3.9869409419873088,0,-7.6009312175517376,11.65956187906221,0
318,12.719999999999999,4.6193857223046138,-1.767789015371044,1,2.3956343768369481,4.426433205276993,0,-7.6235947948331182,10.37696745488611,0
319,12.759999999999998,4.7088417547248831,-1.5834062301468286,1,2.0915518644539102,4.8133796779097473,0,-7.623364491369137,9.0276573214227191,0
320,12.799999999999999,4.7861781793005846,-1.3846864077482062,1,1.787932182903897,5.1454687732480417,0,-7.6011346745141175,7.6289194203641264,0
321,12.839999999999998,4.8514311787212065,-1.1738520787284563,1,1.4856341351404105,5.4210720574936646,0,-7.5578405514759428,6.1976898538075123,0
322,12.879999999999999,4.9046704284994691,-0.95317723369455754,1,1.1854784557492957,5.6392265019522023,0,-7.4944521962292772,4.7503726175481145,0
323,12.919999999999998,4.9459975504196017,-0.72496125493748087,1,0.88824653876919391,5.7996099294932346,0,-7.4119687621340962,3.3026786011909728,0
324,12.959999999999997,4.9755445198978618,-0.49150395223215043,1,0.59467939249758284,5.9025104385842724,0,-7.3114128969983438,1.8694845113169902,0
325,12.999999999999998,4.9934720361484022,-0.25508192689967418,1,0.30547681289041956,5.9487906076208255,0,-7.1938253751378838,0.46471204012881767,0
326,13.039999999999999,4.9999678637011051,-0.017926456015178636,1,0.021296766625883722,5.9398472887983962,0,-7.0602599588741199,-0.8987727064903599,0
327,13.079999999999998,4.9952451534517275,0.21779694358278812,1,-0.25724502555205064,5.8775677955351462,0,-6.9117784998776663,-2.2092397884253288,0
328,13.119999999999997,4.9795407510419096,0.45000714362441996,1,-0.52957531497002497,5.7642832715953434,0,-6.7494462888204083,-3.4561565367757718,0
329,13.159999999999998,4.9531134999704136,0.6767241281959786,1,-0.79516337070089582,5.6027200047751009,0,-6.5743276599443847,-4.6302299250719896,0
330,13.199999999999998,4.9162425464302633,0.89608374588627715,1,-1.0535208550651067,5.3959494145130931,0,-6.387481855397489,-5.7234311365971884,0
331,13.239999999999998,4.8692256524521307,1.1063504515039875,1,-1.304201539403868,5.1473374023054133,0,-6.189959152526411,-6.7290034181154361,0
332,13.279999999999998,4.8123775235149671,1.3059280251476175,1,-1.546800870664953,4.8604937075474028,0,-5.9827972557591513,-7.6414544402339057,0
333,13.319999999999999,4.7460281563629154,1.4933682810369746,1,-1.7809553993768847,4.5392218605760677,0,-5.7670179532538457,-8.456534485517226,0
334,13.359999999999998,4.6705212123455313,1.667377801038096,1,-2.0063420795659197,4.1874702703783102,0,-5.5436240371386951,-9.1712018586547472,0
335,13.399999999999999,4.5862124211779696,1.8268227481176613,1,-2.2226774510977139,3.8092849277353822,0,-5.3135964849191808,-9.7835769600918425,0
336,13.439999999999998,4.4934680196016918,1.9707318329718204,1,-2.4297167148040888,3.4087641464987635,0,-5.0778918984833998,-10.292886487428664,0
337,13.479999999999999,4.3926632290155831,2.0982975227538767,1,-2.6272527105913852,2.9900157071600617,0,-4.8374401960922206,-10.699399229612359,0
338,13.519999999999998,4.28418077574426,2.2088755941732052,1,-2.8151148085226385,2.5571167087313165,0,-4.5931425517973636,-11.004354899661115,0
339,13.559999999999999,4.1684094572161197,2.3019831442856544,1,-2.9931677226259912,2.1140763779446061,0,-4.3458695758843522,-11.209887414607545,0
340,13.599999999999998,4.0457427569396751,2.3772951811029377,1,-3.1613102569102565,1.664802029573959,0,-4.0964597291863978,-11.318943978812875,0
341,13.639999999999999,3.916577510794184,2.4346399227986071,1,-3.3194739927688186,1.2130683188507028,0,-3.8457179634569476,-11.335201261053601,0
342,13.679999999999998,3.7813126267904424,2.4739929388863962,1,-3.46762192662906,0.76248987696652792,0,-3.594414579418499,-11.262979879052949,0
343,13.719999999999999,3.6403478601110506,2.4954702694148798,1,-3.605747066359152,0.3164973739324356,0,-3.3432842936213558,-11.107158319579256,0
344,13.759999999999998,3.4940826449069129,2.4993206590973833,1,-3.7338709945814363,-0.12168299010598659,0,-3.0930255048428839,-10.873087329930986,0
345,13.799999999999999,3.3429149840088157,2.4859170425243757,1,-3.8520424066645296,-0.54904660337526101,0,-2.8442997504325889,-10.566505719517771,0
346,13.839999999999998,3.1872403974110246,2.4557474143422029,1,-3.9603356307770521,-0.96282424451452853,0,-2.5977313427568447,-10.193458410143897,0
347,13.879999999999999,3.0274509300965029,2.4094052146861822,1,-4.0588491369892523,-1.3604926732699867,0,-2.3539071757137076,-9.7602174721693409,0
348,13.919999999999998,2.86393421950328,2.3475793553893216,1,-4.1477040420049125,-1.73978214231777,0,-2.1133766911714975,-9.2732067824746682,0
349,13.959999999999997,2.6970726226766404,2.2710440067113233,1,-4.2270426156995882,-2.0986809860320674,0,-1.8766519951268612,-8.7389308404357919,0
350,13.999999999999998,2.5272424029137137,2.1806482577048247,1,-4.2970267952332923,-2.4354374614268974,0,-1.6442081133774238,-8.1639081811080079,0
351,14.039999999999999,2.3548129754850193,2.0773057560112935,1,-4.3578367120990293,-2.7485590321126105,0,-1.4164833765549936,-7.5546097315445282,0
352,14.079999999999998,2.1801462118120525,1.9619844250062737,1,-4.4096692370646862,-3.0368092980876433,0,-1.1938799244641425,-6.9174023674943408,0
353,14.119999999999997,2.0035958012898867,1.8356963479332684,1,-4.4527365475671976,-3.2992027827328076,0,-0.97676431981244372,-6.2584978443388293,0
354,14.159999999999998,1.8255066697700797,1.6994879001106942,1,-4.4872647217253059,-3.5349977937097745,0,-0.76546826160033965,-5.5839071985950506,0
355,14.199999999999999,1.6462144535608958,1.5544302015900671,1,-4.5134923627528769,-3.7436875768320581,0,-0.56028938865537925,-4.8994006450506751,0
356,14.239999999999998,1.4660450276583474,1.4016099538988649,1,-4.5316692571797743,-3.9249899816322182,0,-0.36149216404303547,-4.2104729298846202,0
357,14.279999999999998,1.2853140867931918,1.2421207158217018,1,-4.5420550699226245,-4.0788358545574006,0,-0.16930883136224456,-3.5223140421369292,0
358,14.319999999999999,1.1043267777651642,1.077054664650742,1,-4.5449180788947192,-4.2053563707571406,0,0.016059565766203265,-2.8397851346774687,0
359,14.359999999999998,0.92337738143497838,0.90749488105112164,1,-4.5405339515037761,-4.3048695085534927,0,0.19444210939052547,-2.1673994613408527,0
360,14.399999999999999,0.74274904265800479,0.7345081877115246,1,-4.5291845650587188,-4.3778658621686484,0,0.36569688613226004,-1.5093080990234697,0
361,14.439999999999998,0.56271354636926885,0.55913856434304676,1,-4.5111568727929585,-4.4249939783908427,0,0.52970982698659264,-0.86929019207149882,0
362,14.479999999999999,0.38353113796768179,0.38240115440167949,1,-4.4867418169122883,-4.4470453918353074,0,0.6863935153378018,-0.25074743096469798,0
363,14.519999999999998,0.20545038609664218,0.20527687218032262,1,-4.4562332897908341,-4.4449395215426479,0,0.83568597013824075,0.34329754220227926,0
364,14.559999999999999,0.028708085879796875,0.028707612678108833,1,-4.4199271441687138,-4.4197085790766808,0,0.97754941082096569,0.91019912297246697,0
365,14.599999999999998,-0.14647079935891374,-0.14640793907285823,1,-4.3781202529505556,-4.3724826252492708,0,1.1119690101358246,1.4476834590107066,0
366,14.639999999999999,-0.31987315988001225,-0.31921790774307712,1,-4.3311096189646925,-4.3044748993034752,0,1.2389516407165053,1.9538402246207409,0
367,14.679999999999998,-0.49129772681697192,-0.48892024969090536,1,-4.2791915348187661,-4.2169675310068104,0,1.3585246208047028,2.4271117901755206,0
368,14.719999999999999,-0.66055502696855983,-0.65476521451948255,1,-4.2226607927786626,-4.1112977328029015,0,1.4707344641789017,2.8662801176299197,0
369,14.759999999999998,-0.82746730708784155,-0.81605726713441329,1,-4.1618099444038057,-3.98884455608458,0,1.5756456389611984,3.2704517062218863,0
370,14.799999999999999,-0.9918684296463941,-0.97215649432323026,1,-4.0969286094928865,-3.8510162829097463,0,1.6733393396073089,3.6390409024877606,0
371,14.839999999999998,-1.1536037420308525,-1.1224795224695712,1,-4.0283028337296543,-3.6992385121905369,0,1.7639122760237391,3.9717518762408961,0
372,14.879999999999999,-1.3125299211014783,-1.2664999751274089,1,-3.9562144942682003,-3.5349429876379714,0,1.847475483404285,4.2685595495997273,0
373,14.919999999999998,-1.468514795009044,-1.4037485008363229,1,-3.8809407523608641,-3.3595572036134769,0,1.924153156035131,4.529689749888842,0
374,14.959999999999997,-1.6214371441277786,-1.5338124027839228,1,-3.8027535520090723,-3.1744948145859029,0,1.9940815079856333,4.7555988396432944,0
375,14.999999999999998,-1.7711864829194548,-1.6563349027445811,1,-3.7219191635075286,-2.981146864163128,0,2.0574076632819693,4.9469530583674928,0
376,15.039999999999999,-1.9176628244959368,-1.7710140721729437,1,-3.6386977706550256,-2.7808738406953779,0,2.1142885778519247,5.104607791449105,0
377,15.079999999999998,-2.0607764295970616,-1.8776014634386071,1,-3.553343100319879,-2.5749985582517576,0,2.1648899952334855,5.2295869620015525,0
378,15.119999999999997,-2.200447541646708,-1.9759004739849282,1,-3.4661020929742996,-2.364799854363139,0,2.2093854377577378,5.3230627216665924,0
379,15.159999999999998,-2.3366061094929114,-2.0657644757118296,1,-3.3772146127494813,-2.1515070893029664,0,2.2479552346471627,5.386335596786779,0
380,15.199999999999999,-2.4691914993792579,-2.1470947411515708,1,-3.2869131955108575,-1.9362954258325031,0,2.2807855882153669,5.420815227066651,0
381,15.239999999999998,-2.5981521976337563,-2.2198381970575651,1,-3.1954228334107708,-1.7202818632529167,0,2.308067679112888,5.428001815060437,0
382,15.279999999999998,-2.7234455054989293,-2.2839850348898825,1,-3.1029607943428963,-1.5045219952589906,0,2.3299968113363119,5.4094683867089906,0
383,15.319999999999999,-2.845037227463576,-2.3395662063859053,1,-3.0097364746985629,-1.2900074574486138,0,2.3467715975046537,5.3668439458297748,0
384,15.359999999999998,-2.9629013543923151,-2.3866508309780117,1,-2.9159512838092327,-1.0776640273749956,0,2.358593184707134,5.3017975890461173,0
385,15.399999999999999,-3.0770197426841976,-2.425343540288341,1,-2.82179855845123,-0.86835033769690939,0,2.3656645210410399,5.216023632210752,0
386,15.439999999999998,-3.1873817906268553,-2.4557817833183457,1,-2.7274635057876777,-0.66285716124499106,0,2.3681896627859458,5.1112277849955579,0
387,15.479999999999999,-3.2939841130477356,-2.4781331142806007,1,-2.6331231731281859,-0.46190722563695408,0,2.3663731220014399,4.9891143970290894,0
388,15.519999999999998,-3.396830215299623,-2.4925924833135054,1,-2.5389464428983786,-0.26615551439673579,0,2.3604192541898597,4.8513747867919372,0
389,15.559999999999999,-3.4959301675536221,-2.4993795485953059,1,-2.4450940512285908,-0.076190011317814443,0,2.35053168553195,4.6996766534374848,0
390,15.599999999999998,-3.5913002803097087,-2.4987360266499046,1,-2.3517186285932947,0.10746715498654105,0,2.3369127790821711,4.5356545617892436,0
391,15.639999999999999,-3.6829627819729946,-2.4909230959289497,1,-2.2589647609595858,0.28435820882801471,0,2.3197631392014277,4.3609014819593224,0
392,15.679999999999998,-3.7709454992826297,-2.4762188670766272,1,-2.1669690699341517,0.45408790905981822,0,2.2992811534069451,4.1769613573095086,0
393,15.719999999999999,-3.8552815413208634,-2.4549159316477684,1,-2.0758603104326805,0.61632145495111579,0,2.2756625707320532,3.9853226678008067,0
394,15.759999999999998,-3.9360089877715456,-2.4273189994667992,1,-1.9857594844335593,0.77078215526841498,0,2.249100115612523,3.7874129501059666,0
395,15.799999999999999,-4.0131705820406642,-2.3937426332938396,1,-1.8967799694185208,0.91724889786959873,0,2.2197831362495029,3.5845942311427614,0
396,15.839999999999998,-4.0868134297966661,-2.3545090880122386,1,-1.809027660146026,1.0555534553035557,0,2.1878972863421557,3.3781593278691515,0
397,15.879999999999999,-4.1569887034351964,-2.3099462601750886,1,-1.7226011224483937,1.1855776599609817,0,2.1536242390354476,3.1693289632061794,0
398,15.919999999999998,-4.223751352921445,-2.2603857524516102,1,-1.6375917577908043,1.307250480271642,0,2.1171414318889958,2.9592496457604773,0
399,15.959999999999997,-4.2871598234139832,-2.2061610563010214,1,-1.5540839773786317,1.4205450273211939,0,2.0786218416414508,2.7489922595424425,0
400,15.999999999999998,-4.3472757800266555,-2.1476058550738943,1,-1.4721553846489477,1.5254755190933551,0,2.0382337875212158,2.5395513090551947,0
401,16.039999999999999,-4.4041638400392911,-2.0850524487008379,1,-1.3918769650326555,1.6220942273547441,0,1.9961407618372915,2.3318447649017138,0
402,16.079999999999998,-4.45789131282499,-2.0188303001750065,1,-1.3133132819241873,1.710488430014836,0,1.9525012865736953,2.1267144553586439,0
403,16.119999999999997,-4.5085279477201041,-1.9492647031688732,1,-1.2365226778470151,1.7907773896293977,0,1.9074687947066464,1.9249269501365507,0
404,16.159999999999997,-4.5561456900237189,-1.8766755693452701,1,-1.1615574798544477,1.8631093765916145,0,1.8611915349650012,1.7271748837280727,0
405,16.199999999999999,-4.6008184452762482,-1.8013763332256272,1,-1.0884642082560052,1.9276587534860581,0,1.8138124987607851,1.5340786672806157,0
406,16.239999999999998,-4.6426218519313913,-1.723672971862992,1,-1.0172837878105059,1.9846231350787615,0,1.7654693680276956,1.3461885397669011,0
407,16.279999999999998,-4.6816330625024811,-1.643863136030026,1,-0.94805176057702023,2.0342206364939308,0,1.7162944827209108,1.1639869113121133,0
408,16.32,-4.7179305332330026,-1.5622353891699923,1,-0.88079849966433288,2.0766872202925226,0,1.6664148267506396,0.98789095382481273,0
409,16.359999999999999,-4.751593822311766,-1.479068549967633,1,-0.81554942316804224,2.1122741514276857,0,1.615952031144402,0.81825539652513979,0
410,16.399999999999999,-4.7827033966257577,-1.394631134073582,1,-0.75232520763222832,2.1412455674117203,0,1.5650223932588934,0.65537548652793909,0
411,16.439999999999998,-4.8113404470183152,-1.3091808902553979,1,-0.69114200041892171,2.1638761694936437,0,1.5137369108905596,0.49949007728232631,0
412,16.479999999999997,-4.8375867119964902,-1.2229644260474819,1,-0.63201163041414432,2.1804490392170011,0,1.4622013301647774,0.35078481036068021,0
413,16.52,-4.8615243098096519,-1.1362169178256731,1,-0.57494181654325449,2.1912535834064548,0,1.4105162061164498,0.20939535879659812,0
414,16.559999999999999,-4.883235578801175,-1.049161900136635,1,-0.51993637361111433,2.1965836094182811,0,1.3587769749092626,0.075410702868058815,0
415,16.599999999999998,-4.9028029259166814,-0.96201112906235908,1,-0.46699541502381037,2.1967355313838119,0,1.3070740366768696,-0.051123588116440966,0
416,16.639999999999997,-4.9203086832353025,-0.87496451439280176,1,-0.41611555198868022,2.1920067071736353,0,1.2554928480064478,-0.17020209186418014,0
417,16.68,-4.935834972375293,-0.78821011540944563,1,-0.36729008882752451,2.1826939049122318,0,1.2041140231230982,-0.28185630827928143,0
418,16.719999999999999,-4.9494635766114365,-0.70192419514685711,1,-0.32050921407486377,2.1690918970735495,0,1.1530134428723324,-0.38615149263512621,0
419,16.759999999999998,-4.9612758205293472,-0.6162713280929526,1,-0.27576018706824901,2.1514921794847583,0,1.1022623706370647,-0.48318356324980094,0
420,16.799999999999997,-4.9713524570308207,-0.53140455640879303,1,-0.23302751977136382,2.1301818119533991,0,1.0519275743650149,-0.5730760979417614,0
421,16.839999999999996,-4.9797735614946976,-0.4474655898911083,1,-0.19229315360266122,2.1054423767079831,0,1.0020714539218627,-0.65597743142647413,0
422,16.879999999999999,-4.9866184328892764,-0.36458504506291595,1,-0.15353663107295604,2.0775490503988245,0,0.95275217302497939,-0.73205786382209259,0
423,16.919999999999998,-4.9919655016251072,-0.28288271895504236,1,-0.11673526206414679,2.0467697850396247,0,0.90402379505161157,-0.80150698856799174,0
424,16.959999999999997,-4.9958922439308724,-0.20246789333268175,1,-0.081864284608792706,2.0133645929757322,0,0.85593642205412968,-0.86453114632474126,0
425,17,-4.9984751025300138,-0.12343966532223719,1,-0.048897020056040567,1.9775849307370084,0,0.80853633635311384,-0.92135100982030427,0
426,17.039999999999999,-4.9997894133917251,-0.045887300602917326,1,-0.017805022533793048,1.9396731764665673,0,0.76186614411654685,-0.9721993031332492,0
427,17.079999999999998,-4.9999093383268267,0.030109394458087628,1,0.011441777360209206,1.8998621955061461,0,0.71596492037007287,-1.0173186575580133,0
428,17.119999999999997,-4.9989078031968139,0.10447968512980431,1,0.038874934684164413,1.858374988659464,0,0.67086835491921948,-1.0569596049769683,0
429,17.159999999999997,-4.9968564415029721,0.17716150828512858,1,0.064527358120769041,1.8154244176417074,0,0.62660889869932879,-1.091378708566163,0
430,17.199999999999999,-4.9938255431218419,0.24810106297702519,1,0.088433183795810041,1.7712130022513888,0,0.58321591010285934,-1.1208368296807154,0
431,17.239999999999998,-4.9898840079533748,0.31725239437105285,1,0.11062765493662151,1.7259327838657743,0,0.54071580086664472,-1.145597528897949,0
432,17.279999999999998,-4.9850993042489193,0.38457697356901227,1,0.13114700734448517,1.6797652499583362,0,0.49913218113324287,-1.1659255984361534,0
433,17.32,-4.9795374313874881,0.45004327564874863,1,0.15002836064006858,1.6328813144622334,0,0.45848600333118944,-1.1820857225075567,0
434,17.359999999999999,-4.9732628868707511,0.51362635804171819,1,0.16730961522750654,1.5854413489536099,0,0.4187957045482516,-1.1943412616012272,0
435,17.399999999999999,-4.9663386373095779,0.57530744117292998,1,0.18302935491037228,1.5375952597988523,0,0.38007734709986113,-1.2029531562177738,0
436,17.439999999999998,-4.9588260931779313,0.63507349309759076,1,0.19722675508136581,1.4894826065975002,0,0.34234475702182493,-1.2081789451874245,0
437,17.479999999999997,-4.9507850871132382,0.69291681968672003,1,0.20994149639731813,1.4412327574539401,0,0.30560966024197939,-1.2102718933898469,0
438,17.52,-4.9422738555460946,0.74883466174015001,1,0.22121368384185086,1.3929650768234492,0,0.26988181620979534,-1.2094802234516064,0
439,17.559999999999999,-4.9333490234462714,0.80282880023999159,1,0.23108377106965985,1.3447891418989084,0,0.23516914878602618,-1.2060464458196902,0
440,17.599999999999998,-4.9240655919763903,0.85490517080132544,1,0.23959248991894538,1.2968049837310727,0,0.20147787421631702,-1.200206781490712,0
441,17.639999999999997,-4.9144769288492993,0.90507348822996891,1,0.24678078497198874,1.2491033495053865,0,0.16881262603320274,-1.1921906716098811,0
442,17.68,-4.9046347611901249,0.9533468819589993,1,0.25268975303799518,1.2017659826301494,0,0.13717657675030218,-1.1822203681356753,0
443,17.719999999999999,-4.8945891707091356,0.99974154300718732,1,0.25736058742731055,1.1548659175223328,0,0.10657155623059328,-1.170510599790366,0
444,17.759999999999998,-4.8843885909968359,1.0442763829831463,1,0.26083452688178299,1.1084677862071415,0,0.076998166627535836,-1.1572683075779437,0
445,17.799999999999997,-4.8740798067582558,1.0869727055485368,1,0.26315280902229365,1.0626281340740276,0,0.048455893813568879,-1.1426924442448136,0
446,17.839999999999996,-4.8637079548089837,1.1278538906524604,1,0.2643566281714177,1.0173957423541031,0,0.020943215225055108,-1.1269738321804856,0
447,17.879999999999999,-4.8533165266612635,1.166945091756517,1,0.26448709740661008,0.97281195510077512,0,-0.0055422959337860997,-1.1102950744011306,0
448,17.919999999999998,-4.8429473725342707,1.2042729461860737,1,0.26358521469731394,0.92891100866598275,0,-0.031003870173078527,-1.0928305134244756,0
449,17.959999999999997,-4.832640706628581,1.239865298667451,1,0.2616918329778074,0.88572036186806924,0,-0.055445444919423152,-1.0747462330264668,0
450,17.999999999999996,-4.8224351135108874,1.2737509380428171,1,0.25884763400645855,0.84326102524338442,0,-0.078741271288610762,-1.0557756126038396,0
451,18.039999999999996,-4.8123671270622914,1.3059606931981582,1,0.25510410147321488,0.80158123047086616,0,-0.10060451751148239,-1.0352555660328633,0
452,18.079999999999995,-4.802470746403543,1.3365284646225479,1,0.25052503323558634,0.76075484860885501,0,-0.1208509557285235,-1.012979799268521,0
453,18.119999999999997,-4.7927773510713116,1.3654908699450587,1,0.24517623702921693,0.72084708017634624,0,-0.13943522715975756,-0.98916275163400835,0
454,18.159999999999997,-4.7833156359635032,1.3928869025660724,1,0.23912503874284197,0.68191480141791827,0,-0.1563242591520872,-0.96400955106538733,0
455,18.199999999999996,-4.7741115659549935,1.4187576059319087,1,0.23243979409769983,0.64400696996557383,0,-0.17149713709859743,-0.93771464537986149,0
456,18.239999999999995,-4.7651883499099537,1.4431457655144879,1,0.22518940802979329,0.60716507779001128,0,-0.18494487125116213,-0.91046073568615271,0
457,18.279999999999998,-4.7565664336518818,1.4660956200732398,1,0.21744286581365435,0.57142363946168395,0,-0.19667006521868041,-0.88241800659496272,0
458,18.319999999999997,-4.7482635112988563,1.4876525933029541,1,0.20926877967638741,0.53681070408452625,0,-0.20668649364972586,-0.85374364274810721,0
459,18.359999999999996,-4.7402945542305002,1.5078630465168896,1,0.20073495433551072,0.50334837979929126,0,-0.21501859718853444,-0.82458161664059149,0
460,18.399999999999995,-4.7326718568254318,1.5267740525865834,1,0.19190797455810774,0.47105336045414148,0,-0.22170090327152403,-0.79506272879809481,0
461,18.439999999999998,-4.7254050979944555,1.5444331909639202,1,0.18285281748631507,0.43993744488157288,0,-0.22677738170277262,-0.76530487811381331,0
462,18.479999999999997,-4.7185014174357747,1.5608883632524262,1,0.17363249210945597,0.41000804017647607,0,-0.23030074421611621,-0.73541353754890038,0
463,18.519999999999996,-4.7119655054544873,1.5761876284774037,1,0.16430770789014326,0.38126864141381034,0,-0.23233169740364135,-0.70548240845269394,0
464,18.559999999999995,-4.7057997051199418,1.5903790569305272,1,0.15493657417412152,0.35371928135038455,0,-0.23293815846961219,-0.67559422544440872,0
465,18.599999999999998,-4.7000041254809792,1.6035106012365865,1,0.14557433163523786,0.32735694479867122,0,-0.23219444325934455,-0.64582168308945798,0
466,18.639999999999997,-4.6945767645205638,1.6156299831088319,1,0.13627311663115693,0.30217594351800303,0,-0.23018043591746792,-0.61622845546618643,0
467,18.679999999999996,-4.6895136405082019,1.6267845941235288,1,0.1270817589754891,0.27816824861819706,0,-0.2269807493518789,-0.58687028011201181,0
468,18.719999999999995,-4.6848089303992548,1.6370214087558033,1,0.11804561327145284,0.25532377859205169,0,-0.22268388542132223,-0.55779607871548154,0
469,18.759999999999998,-4.6804551139360626,1.6463869078718967,1,0.10920642360376594,0.23363064216864862,0,-0.2173814034271471,-0.52904908823422925,0
470,18.799999999999997,-4.6764431221240912,1.6549270108699108,1,0.10060222105273718,0.2130753361921599,0,-0.21116710507619452,-0.50066797781509587,0
471,18.839999999999996,-4.6727624887882762,1.6626870146946782,1,0.092267253180071326,0.19364289966748485,0,-0.20413624359328811,-0.47268792891877287,0
472,18.879999999999995,-4.6694015039580448,1.6697115380224987,1,0.084231944342943427,0.17531702596228407,0,-0.19638476410161057,-0.44514165835105768,0
473,18.919999999999998,-4.6663473678842413,1.6760444690120444,1,0.076522885424029921,0.15808013590554623,0,-0.18800858176021032,-0.41806036642066524,0
474,18.959999999999997,-4.663586344555438,1.6817289151463124,1,0.069162851323170696,0.14191341516821246,0,-0.17910290345452201,-0.39147459512301463,0
475,18.999999999999996,-4.6611039136546868,1.6868071538409952,1,0.062170844343501862,0.12679681984669872,0,-0.16976159808313376,-0.36541498403526468,0
476,19.039999999999996,-4.6588849199784725,1.6913205826640607,1,0.055562161423542103,0.11270905459235153,0,-0.16007661967903691,-0.33991291444543492,0
477,19.079999999999998,-4.6569137194267318,1.6953096681944344,1,0.049348483018670834,0.09962752793829753,0,-0.15013748675409683,-0.31500103507532506,0
478,19.119999999999997,-4.6551743207648411,1.6988138927395202,1,0.043537981322242153,0.087528289671096937,0,-0.14003082037091499,-0.29071366554327716,0
479,19.159999999999997,-4.6536505224538418,1.7018716983282722,1,0.038135445439395343,0.07638595518124601,0,-0.12983994253751344,-0.2670870764018719,0
480,19.199999999999996,-4.6523260439424785,1.704520427593974,1,0.03314242108609524,0.066173621708905422,0,-0.11964453559933125,-0.24415964713488508,0
481,19.239999999999995,-4.6511846509126267,1.7067962613543499,1,0.028557362382212934,0.056862781285834593,0,-0.10952036238299724,-0.22197190586944751,0
482,19.279999999999998,-4.6502102740663878,1.7087341528836646,1,0.024375793340186164,0.04842323496928734,0,-0.099539045941293286,-0.20056645672057047,0
483,19.319999999999997,-4.6493871211378091,1.7103677590470066,1,0.020590476718971677,0.040823012677750695,0,-0.089767906872996545,-0.17998780260943642,0
484,19.359999999999996,-4.6486997819028062,1.711729368629765,1,0.017191588015119379,0.034028302581852514,0,-0.080269855359771464,-0.16028207306319209,0
485,19.399999999999995,-4.648133326046616,1.7128498283414142,1,0.014166892496694171,0.028003393587275997,0,-0.071103334289410638,-0.14149666789814946,0
486,19.439999999999998,-4.6476733938274233,1.7137584671013157,1,0.011501923348769759,0.022710633981192694,0,-0.062322309134656799,-0.12367982880205748,0
487,19.479999999999997,-4.6473062795471183,1.7144830193222,1,0.0091801591880556824,0.018110408810884143,0,-0.053976299642626693,-0.10688015166247192,0
488,19.519999999999996,-4.6470190079037605,1.715049547995082,1,0.0071831994151827514,0.014161138034072552,0,-0.046110447873515259,-0.091146053040727371,0
489,19.559999999999995,-4.6467994033553524,1.7154823684447364,1,0.0054909361020629164,0.010819296936017502,0,-0.038765616718956723,-0.076525204473504083,0
490,19.599999999999998,-4.6466361526698359,1.7158039736687098,1,0.0040817213540399917,0.0080394597591330209,0,-0.031978512738627042,-0.063063948309567713,0
491,19.639999999999997,-4.646518860871292,1.7160349621951356,1,0.002932529337428786,0.0057743669466228699,0,-0.025781826984594549,-0.050806708574826789,0
492,19.679999999999996,-4.6464381008178472,1.7161939693943444,1,0.0020191124174882211,0.003975015871558807,0,-0.020204387440372361,-0.039795409924054774,0
493,19.719999999999995,-4.6463854566613119,1.7162976031599728,1,0.001316151104797486,0.0025907744152164308,0,-0.015271316787021094,-0.030068917103851494,0
494,19.759999999999998,-4.6463535614439646,1.7163603848348898,1,0.0007973977542992661,0.0015695162807588105,0,-0.011004189420653857,-0.021662506541308059,0
495,19.799999999999997,-4.6463361290830676,1.7163946962001548,1,0.00043581419597471174,0.00085777648700140587,0,-0.0074211819805152252,-0.01460738070901791,0
496,19.839999999999996,-4.6463279809804963,1.7164107332704694,1,0.00020370369445697582,0.00040092508760479511,0,-0.0045372120979706686,-0.0089302348218949952,0
497,19.879999999999995,-4.6463250674729819,1.7164164675513396,1,7.2837832438761457e-05,0.00014335680834266803,0,-0.0023640606354153231,-0.0046528842159367393,0
498,19.919999999999995,-4.6463244843097957,1.7164176153113992,1,1.4579085455263993e-05,2.869399298865206e-05,0,-0.00091047333911942045,-0.001791959463525217,0
499,19.959999999999997,-4.6463244843097957,1.7164176153113992,1,-1.1073564017386501e-16,-2.1794561068269997e-16,0,-0.0003644771363843682,-0.00071734982472175003,0
